item,size,place,observed_on,date_source,median,n
1 pancake 1 egg,,Code 4 Taphouse,2025-11-15,exif,7.95,2
12 piece chicken nuggets,,Barney's Burgers,2024-01-15,dom,6.99,1
21st amendment black ipa,,Gott's Napa,2013-02-28,wayback,4.5,2
21st amendment extra pale ale,,Gott's Napa,2013-02-28,wayback,4.5,2
3 dollar sized pancakes and 1 egg,,Code 4 Taphouse,2025-11-15,exif,7.95,2
3 way leaf,,Genova Delicatessen,2026-08-05,fallback,12.95,1
4 bacon,,The Depot Eatery,2026-08-05,web,18.0,1
4 links or 2 patties,,The Depot Eatery,2026-08-05,web,18.0,1
4 pc chicken mcnuggets,,McDonald's,2022-04-16,exif,4.42,4
a 1 steak sauce,,Five Guys,2023-11-27,exif,0.15,1
a b l t,,Gott's Napa,2011-03-22,wayback,7.99,2
a b l t,,Gott's Napa,2012-05-15,wayback,7.99,2
a b l t,,Gott's Napa,2014-08-11,wayback,10.99,1
a b l t,,Gott's Napa,2014-12-22,wayback,10.99,2
a b l t,,Gott's Napa,2015-02-06,wayback,10.99,2
a b l t,,Gott's Napa,2015-05-13,wayback,10.99,2
a b l t,,Gott's Napa,2015-07-24,wayback,10.99,1
a b l t,,Gott's Napa,2015-11-23,wayback,10.99,1
a b l t,,Gott's Napa,2017-07-22,wayback,10.99,1
a blt,,Gott's Napa,2014-08-11,wayback,10.99,1
a siciliana aranciata,,Bistro Don Giovanni,2023-12-05,wayback,8.0,1
a siciliana limonata,,Bistro Don Giovanni,2023-12-05,wayback,8.0,1
acqua fresca,,Bistro Don Giovanni,2017-01-10,wayback,6.0,1
acqua fresca,,Bistro Don Giovanni,2019-09-19,wayback,6.0,1
add a patty to any burger,,Gott's Napa,2014-10-29,wayback,3.0,1
add additional salad,,Farmstead at Long Meadow Ranch,2024-06-19,wayback,7.0,1
add additional side,,Farmstead at Long Meadow Ranch,2024-06-19,wayback,7.0,1
add avocado,,Farmstead at Long Meadow Ranch,2026-06-15,pdf,4.0,1
add bacon,,Farmstead at Long Meadow Ranch,2026-06-15,pdf,4.0,1
add cheddar cheese,,Gott's Napa,2014-12-22,wayback,1.0,1
add cheddar cheese,,Gott's Napa,2017-07-22,wayback,1.0,1
add chicken,,Gott's Napa,2017-07-22,wayback,4.0,1
add chocolate syrup malt oreos,,Gott's Napa,2012-05-15,wayback,1.25,1
add chocolate syrup malt oreos,,Gott's Napa,2014-08-11,wayback,1.25,1
add chocolate syrup malt oreos,,Gott's Napa,2014-12-22,wayback,1.25,1
add chocolate syrup malt oreos,,Gott's Napa,2017-07-22,wayback,1.25,1
add chocolate syrup malt oreos,,Gott's Napa,2021-01-17,wayback,1.25,1
add chorizo,,Cartwright's Taprock Northwest Grill,2023-06-10,wayback,3.0,1
add flavors vanilla cherry,,Gott's Napa,2017-07-22,wayback,0.99,1
add grey goose vodka,,Bistro Don Giovanni,2020-09-21,wayback,13.0,1
add grey goose vodka,,Bistro Don Giovanni,2022-01-20,wayback,13.0,1
add grey goose vodka,,Bistro Don Giovanni,2023-04-01,wayback,13.0,1
add grey goose vodka,,Bistro Don Giovanni,2023-12-05,wayback,13.0,2
add point reyes crumbled blue cheese,,Gott's Napa,2014-10-29,wayback,3.0,1
add pulled chicken,,Farmstead at Long Meadow Ranch,2021-05-06,wayback,7.0,1
add pulled chicken,,Farmstead at Long Meadow Ranch,2021-08-02,wayback,7.0,1
add pulled chicken,,Farmstead at Long Meadow Ranch,2026-06-15,pdf,9.0,1
add sunny side up egg,,Farmstead at Long Meadow Ranch,2026-06-15,pdf,5.0,1
add tito s vodka,,Bistro Don Giovanni,2021-01-27,wayback,13.0,1
add vodka,,Bistro Don Giovanni,2019-09-19,wayback,10.0,1
add vodka,,Bistro Don Giovanni,2020-03-27,wayback,10.0,1
add whipped cream,,Five Guys,2023-11-27,exif,0.2,1
additional main course,,Farmstead at Long Meadow Ranch,2021-05-06,wayback,10.0,1
additional main course,,Farmstead at Long Meadow Ranch,2021-05-11,wayback,10.0,1
additional main course,,Farmstead at Long Meadow Ranch,2021-08-02,wayback,10.0,2
additional main course,,Farmstead at Long Meadow Ranch,2024-06-19,wayback,10.0,1
additional salad,,Farmstead at Long Meadow Ranch,2021-05-11,wayback,7.0,1
additional salad,,Farmstead at Long Meadow Ranch,2021-08-02,wayback,7.0,1
additional side,,Farmstead at Long Meadow Ranch,2021-05-06,wayback,7.0,1
additional side,,Farmstead at Long Meadow Ranch,2021-05-11,wayback,7.0,1
additional side,,Farmstead at Long Meadow Ranch,2021-08-02,wayback,7.0,2
additional toppings,,Gott's Napa,2015-09-05,wayback,0.99,1
ahi burger,,Gott's Napa,2011-03-22,wayback,14.99,2
ahi burger,,Gott's Napa,2012-05-15,wayback,14.99,2
ahi burger,,Gott's Napa,2012-06-17,wayback,14.99,2
ahi burger,,Gott's Napa,2014-08-11,wayback,15.99,2
ahi burger,,Gott's Napa,2014-10-29,wayback,14.99,1
ahi burger,,Gott's Napa,2014-12-22,wayback,15.99,2
ahi burger,,Gott's Napa,2015-02-06,wayback,15.99,2
ahi burger,,Gott's Napa,2015-05-13,wayback,15.99,2
ahi burger,,Gott's Napa,2015-07-24,wayback,15.99,1
ahi burger,,Gott's Napa,2015-11-23,wayback,15.99,1
ahi burger,,Gott's Napa,2017-07-22,wayback,15.99,1
ahi burger,,Gott's Napa,2021-01-17,wayback,16.99,1
ahi poke crispy tacos,,Gott's Napa,2011-03-22,wayback,13.99,1
ahi poke crispy tacos,,Gott's Napa,2012-05-15,wayback,13.99,2
ahi poke crispy tacos,,Gott's Napa,2012-06-17,wayback,13.99,2
ahi poke crispy tacos,,Gott's Napa,2014-08-11,wayback,14.99,2
ahi poke crispy tacos,,Gott's Napa,2014-10-29,wayback,13.99,1
ahi poke crispy tacos,,Gott's Napa,2014-12-22,wayback,14.99,2
ahi poke crispy tacos,,Gott's Napa,2015-02-06,wayback,14.99,2
ahi poke crispy tacos,,Gott's Napa,2015-05-13,wayback,14.99,2
ahi poke crispy tacos,,Gott's Napa,2015-07-24,wayback,14.99,1
ahi poke crispy tacos,,Gott's Napa,2015-11-23,wayback,14.99,1
ahi poke crispy tacos,,Gott's Napa,2017-07-22,wayback,14.99,1
ahi poke crispy tacos,,Gott's Napa,2021-01-17,wayback,15.99,1
ahi poke crispy tacos,3 tacos,Gott's Napa,2011-03-22,wayback,13.99,1
airmail,,Angele Restaurant & Bar,2014-09-20,wayback,12.0,1
alabama bbq chicken,,Gott's Napa,2015-02-06,wayback,10.99,2
alabama bbq chicken,,Gott's Napa,2015-05-13,wayback,10.99,2
alabama bbq chicken,,Gott's Napa,2015-07-24,wayback,10.99,1
alabama bbq chicken,,Gott's Napa,2015-11-23,wayback,10.99,1
alabama bbq chicken,,Gott's Napa,2017-07-22,wayback,10.99,1
alambic brandy osocalis,,Angele Restaurant & Bar,2014-09-20,wayback,12.0,1
all beef hot dog,,Five Guys,2023-11-27,exif,5.6,1
all extras,,Genova Delicatessen,2026-08-05,fallback,1.5,1
all the way,,Five Guys,2023-11-27,exif,1.9,1
allegash white ale,,Farmstead at Long Meadow Ranch,2021-05-11,wayback,6.0,1
allegash white ale,,Farmstead at Long Meadow Ranch,2021-08-02,wayback,6.0,1
allegash white ale,,Farmstead at Long Meadow Ranch,2024-06-09,wayback,6.0,1
alpine duet ipa,,Bistro Don Giovanni,2019-09-19,wayback,6.0,1
alpine duet ipa,,Bistro Don Giovanni,2020-03-27,wayback,6.0,1
alpine duet ipa,,Bistro Don Giovanni,2020-09-21,wayback,7.0,2
alpine duet ipa,,Bistro Don Giovanni,2021-01-27,wayback,7.0,1
americano,,McDonald's,2022-04-16,exif,3.55,1
amstel light,,Bistro Don Giovanni,2017-01-10,wayback,5.0,1
amstel light,,Bistro Don Giovanni,2019-09-19,wayback,6.0,1
amstel light,,Bistro Don Giovanni,2020-03-27,wayback,6.0,1
amstel light,,Bistro Don Giovanni,2020-09-21,wayback,7.0,2
amstel light,,Bistro Don Giovanni,2021-01-27,wayback,7.0,1
amstel light,,Bistro Don Giovanni,2022-01-20,wayback,7.0,1
amstel light,,Bistro Don Giovanni,2022-05-27,wayback,7.0,1
anchor lager,,Gott's Napa,2015-02-13,wayback,4.5,1
anchor lager,12oz,Gott's Napa,2014-10-29,wayback,4.5,1
anchor steam,,Bistro Don Giovanni,2017-01-10,wayback,5.0,1
anchor steam,,Gott's Napa,2015-05-13,wayback,6.0,2
anchor steam,,Gott's Napa,2015-07-24,wayback,6.0,1
anchor steam,,Gott's Napa,2017-07-22,wayback,7.0,1
anchor steam,,Gott's Napa,2021-01-17,wayback,7.0,1
anchor steam,16oz,Gott's Napa,2014-12-22,wayback,6.0,1
anchor steam,16oz,Gott's Napa,2015-11-23,wayback,6.0,1
anchor steam,Draft,Gott's Napa,2015-02-06,wayback,6.0,1
anchor steam,Draft (16oz),Gott's Napa,2014-08-11,wayback,6.0,1
anchor steam,Draft (16oz),Gott's Napa,2014-12-22,wayback,6.0,1
anchor steam draft,16oz,Gott's Napa,2014-08-11,wayback,6.0,1
anderson valley blood orange gose,,Gott's Napa,2017-07-22,wayback,5.5,1
anderson valley boont amber ale,,Gott's Napa,2014-12-22,wayback,5.0,1
anderson valley boont amber ale,,Gott's Napa,2015-02-13,wayback,4.5,1
anderson valley boont amber ale,,Gott's Napa,2015-05-13,wayback,5.0,1
anderson valley boont amber ale,12oz,Gott's Napa,2014-08-11,wayback,4.5,2
anderson valley boont amber ale,12oz,Gott's Napa,2014-10-29,wayback,4.5,1
anderson valley boont amber ale,12oz,Gott's Napa,2015-02-06,wayback,5.0,2
anderson valley boont amber ale,12oz,Gott's Napa,2015-05-13,wayback,5.0,1
anderson valley boont amber ale,Canned (12oz),Gott's Napa,2014-12-22,wayback,5.0,1
anderson valley boont amber ale booneville ca,,Angele Restaurant & Bar,2015-03-05,wayback,5.0,1
anderson valley seasonal ale,,Gott's Napa,2013-02-28,wayback,4.5,2
anderson valley summer solstice,,Gott's Napa,2015-02-13,wayback,4.5,1
andretti,,Bistro Don Giovanni,2020-09-21,wayback,38.0,1
andrew murray 14 syrah santa ynez valley,,Gott's Napa,2015-11-23,wayback,8.0,1
andrew murray 14 syrah santa ynez valley,Bottle,Gott's Napa,2015-11-23,wayback,24.0,1
ang le bloody mary,,Angele Restaurant & Bar,2015-02-25,wayback,12.0,1
ang le bloody mary a classic bloody mary with vodka tomato juice spicy horseradish fresh lemon,,Angele Restaurant & Bar,2015-03-05,wayback,12.0,1
ang le hamburger with french fries,,Angele Restaurant & Bar,2015-02-25,wayback,15.0,1
ang le hamburger with french fries,,Angele Restaurant & Bar,2015-03-05,wayback,15.0,1
ang le hamburger with french fries,,Angele Restaurant & Bar,2015-11-06,wayback,15.0,1
ang le hamburger with french fries,,Angele Restaurant & Bar,2016-04-12,wayback,16.0,1
ang le hamburger with french fries,,Angele Restaurant & Bar,2016-05-08,wayback,16.0,1
ang le lemon drop,,Angele Restaurant & Bar,2015-03-05,wayback,12.0,1
angele wine bags,,Angele Restaurant & Bar,2017-08-29,wayback,25.0,1
antica by antinori,,Bistro Don Giovanni,2020-09-21,wayback,64.0,2
antica carpano,,Bistro Don Giovanni,2019-09-19,wayback,9.0,1
antica carpano,,Bistro Don Giovanni,2020-03-27,wayback,10.0,1
antica carpano,,Bistro Don Giovanni,2020-09-21,wayback,11.0,2
antica carpano,,Bistro Don Giovanni,2021-01-27,wayback,11.0,1
antica formula,,Bistro Don Giovanni,2017-01-10,wayback,8.5,1
antica hirpinia falanghina,,Bistro Don Giovanni,2023-12-05,wayback,15.0,1
antica hirpinia falanghina campania italy,,Bistro Don Giovanni,2023-04-01,wayback,15.0,1
antinori vermentino,,Bistro Don Giovanni,2020-09-21,wayback,46.0,1
antipasto mist,,Bistro Don Giovanni,2020-03-27,wayback,18.0,1
antipasto mist,,Bistro Don Giovanni,2020-09-21,wayback,18.0,1
antipasto mist,,Bistro Don Giovanni,2021-01-27,wayback,20.0,1
antipasto mist,,Bistro Don Giovanni,2022-01-20,wayback,20.0,1
antipasto mist,,Bistro Don Giovanni,2022-05-27,wayback,22.0,1
aperol,,Angele Restaurant & Bar,2015-03-05,wayback,10.0,1
aperol,,Bistro Don Giovanni,2017-01-10,wayback,9.0,1
aperol,,Bistro Don Giovanni,2019-09-19,wayback,9.0,1
aperol,,Bistro Don Giovanni,2020-03-27,wayback,9.0,1
aperol,,Bistro Don Giovanni,2020-09-21,wayback,10.0,2
aperol,,Bistro Don Giovanni,2021-01-27,wayback,10.0,1
apple chicories,,Bistro Don Giovanni,2023-04-01,wayback,18.0,1
apple farm apple juice,,Farmstead at Long Meadow Ranch,2025-10-15,pdf,5.0,1
apple juice,,Gott's Napa,2011-03-22,wayback,2.99,2
apple juice,,Gott's Napa,2012-05-15,wayback,2.99,2
apple juice,,Gott's Napa,2012-06-17,wayback,2.99,2
apple juice,,Gott's Napa,2014-08-11,wayback,2.99,2
apple juice,,Gott's Napa,2014-10-29,wayback,2.99,1
apple juice,,Gott's Napa,2014-12-22,wayback,2.99,2
apple juice,,Gott's Napa,2015-02-06,wayback,2.99,2
apple juice,,Gott's Napa,2015-02-13,wayback,2.99,1
apple juice mountain valley,,Gott's Napa,2021-01-17,wayback,3.29,1
apple juice revive kombucha,,Gott's Napa,2017-07-22,wayback,4.99,1
arnaldo caprai grecante grechetto,,Bistro Don Giovanni,2020-09-21,wayback,44.0,1
arnaldo caprai grecante grechetto umbria italy,,Bistro Don Giovanni,2019-09-19,wayback,13.0,1
arnold palmer,16oz,Gott's Napa,2015-11-23,wayback,2.49,1
arnold palmer,16oz,Gott's Napa,2017-07-22,wayback,2.69,1
arnold palmer,16oz,Gott's Napa,2021-01-17,wayback,2.99,1
arnold palmer,16oz.,Gott's Napa,2015-07-24,wayback,2.49,1
arnold palmer,24oz,Gott's Napa,2015-11-23,wayback,2.99,1
arnold palmer,24oz,Gott's Napa,2017-07-22,wayback,2.99,1
arnold palmer,24oz,Gott's Napa,2021-01-17,wayback,3.29,1
arnold palmer,24oz.,Gott's Napa,2015-07-24,wayback,2.99,1
arnold palmer,Regular,Gott's Napa,2014-08-11,wayback,2.99,2
arnold palmer,Regular,Gott's Napa,2014-12-22,wayback,2.99,2
arnold palmer,Regular,Gott's Napa,2015-02-06,wayback,2.99,2
arnold palmer,Small,Gott's Napa,2014-08-11,wayback,2.25,2
arnold palmer,Small,Gott's Napa,2014-12-22,wayback,2.25,2
arnold palmer,Small,Gott's Napa,2015-02-06,wayback,2.25,2
art house,,Bistro Don Giovanni,2020-09-21,wayback,60.0,1
art house pinot gris,,Bistro Don Giovanni,2020-09-21,wayback,46.0,1
art house pinot noir,,Bistro Don Giovanni,2020-03-27,wayback,14.0,1
art house pinot noir,,Bistro Don Giovanni,2020-09-21,wayback,14.5,2
art house pinot noir,,Bistro Don Giovanni,2021-01-27,wayback,15.0,1
art house pinot noir napa valley,,Bistro Don Giovanni,2020-09-21,wayback,15.0,1
artesa,,Bistro Don Giovanni,2020-09-21,wayback,42.0,1
artichaut au vin blanc,,Angele Restaurant & Bar,2013-06-27,wayback,16.0,1
artisan cheeses of the day,,Angele Restaurant & Bar,2015-11-06,wayback,16.0,1
artisan cheeses of the day,,Angele Restaurant & Bar,2016-04-12,wayback,16.0,1
artisan cheeses of the day,,Angele Restaurant & Bar,2017-08-29,wayback,18.0,1
asatsuyu by kenzo estate,,Bistro Don Giovanni,2020-09-21,wayback,158.0,1
ashes diamonds,,Bistro Don Giovanni,2020-09-21,wayback,96.0,1
assiette de charcuterie,,Angele Restaurant & Bar,2017-08-29,wayback,25.0,1
assorted pastries,,Farmstead at Long Meadow Ranch,2021-05-11,wayback,3.5,1
assorted pastries,,Farmstead at Long Meadow Ranch,2021-08-02,wayback,3.5,1
assorted pastries,,Farmstead at Long Meadow Ranch,2024-06-19,wayback,3.5,1
averna amaro,,Angele Restaurant & Bar,2014-09-20,wayback,10.0,1
aviation,,Bistro Don Giovanni,2020-03-27,wayback,14.0,1
avocado,,Genova Delicatessen,2026-08-05,fallback,2.0,1
avocado benedict,,Cartwright's Taprock Northwest Grill,2014-08-01,wayback,10.99,1
avocado benedict veg,,Cartwright's Taprock Northwest Grill,2023-06-10,wayback,15.0,1
avocado chicken,,Barney's Burgers,2024-01-15,dom,8.99,1
avocado chicken,,Barney's Burgers,2026-08-05,web,9.5,1
avocado jack,,Barney's Burgers,2024-01-15,dom,10.99,1
avocado jack,,Barney's Burgers,2026-08-05,web,9.45,1
avocado tacos,,Gott's Napa,2021-01-17,wayback,11.99,1
avocado toast,,Code 4 Taphouse,2025-11-15,exif,12.95,2
avocado toast gf veg,,Cartwright's Taprock Northwest Grill,2023-06-10,wayback,11.0,1
b l e,,Angele Restaurant & Bar,2015-02-21,wayback,16.0,1
b l t,,Bistro Don Giovanni,2020-09-21,wayback,23.0,1
b l t,,Bistro Don Giovanni,2023-12-05,wayback,26.0,1
b nardini amaro,,Angele Restaurant & Bar,2014-09-20,wayback,11.0,1
b uf bourgignon,,Angele Restaurant & Bar,2012-04-09,wayback,26.0,1
bacon,,Five Guys,2023-11-27,exif,0.8,1
bacon,,Taqueria El Charro Viejo,2022-12-07,exif,8.5,1
bacon burger,,Five Guys,2023-11-27,exif,10.05,1
bacon cheddar,,Barney's Burgers,2024-01-15,dom,10.99,1
bacon cheddar,,Barney's Burgers,2026-08-05,web,9.45,1
bacon cheese dog,,Five Guys,2023-11-27,exif,7.15,1
bacon cheeseburger,,Five Guys,2023-11-27,exif,10.9,1
bacon cheeseburger,,Gott's Napa,2011-03-22,wayback,8.99,2
bacon cheeseburger,,Gott's Napa,2012-05-15,wayback,8.99,2
bacon cheeseburger,,Gott's Napa,2012-06-17,wayback,9.99,2
bacon cheeseburger,,Gott's Napa,2014-08-11,wayback,9.99,2
bacon cheeseburger,,Gott's Napa,2014-10-29,wayback,9.99,1
bacon cheeseburger,,Gott's Napa,2014-12-22,wayback,9.99,2
bacon cheeseburger,,Gott's Napa,2015-02-06,wayback,9.99,2
bacon cheeseburger,,Gott's Napa,2015-05-13,wayback,9.99,2
bacon cheeseburger,,Gott's Napa,2015-07-24,wayback,9.99,1
bacon cheeseburger,,Gott's Napa,2015-11-23,wayback,9.99,1
bacon cheeseburger,,Gott's Napa,2017-07-22,wayback,10.49,1
bacon cheeseburger,,Gott's Napa,2021-01-17,wayback,10.99,1
bacon dog,,Five Guys,2023-11-27,exif,6.55,1
bacon double smashed jack combo,,Jack in the Box,2025-08-11,exif,10.59,4
bacon egg,,Bistro Don Giovanni,2023-04-01,wayback,26.0,1
bacon mcdouble,,McDonald's,2022-04-16,exif,4.15,1
bacon onion,,Bistro Don Giovanni,2022-01-20,wayback,23.0,1
bacon swiss buttery smashed jack combo,,Jack in the Box,2025-08-11,exif,10.49,2
bad apple,,Angele Restaurant & Bar,2015-03-05,wayback,12.0,1
bad apple,,Bistro Don Giovanni,2022-01-20,wayback,15.0,1
badia a coltibuono vin santo chianti toscana,,Bistro Don Giovanni,2022-01-20,wayback,16.0,1
badia a coltibuono vin santo chianti toscana,,Bistro Don Giovanni,2022-05-27,wayback,16.0,1
badia a coltibuono vin santo chianti toscana,,Bistro Don Giovanni,2023-04-01,wayback,16.0,1
badia coltibuono vin santo,,Bistro Don Giovanni,2023-12-05,wayback,16.0,2
bag of fries,,Barney's Burgers,2024-01-15,dom,8.79,1
bag of fries,,Barney's Burgers,2026-08-05,web,10.5,1
bagel cream cheese,,Code 4 Taphouse,2025-11-15,exif,11.5,2
baguette sandwich with french brie and figs little gem lettuces,,Angele Restaurant & Bar,2015-11-06,wayback,17.0,1
baguette sandwich with mortadella stonefruit arugula parmesan whole grain mustard french fries,,Angele Restaurant & Bar,2015-11-06,wayback,17.0,1
baja fish tacos,,Gott's Napa,2021-01-17,wayback,13.99,1
baked ham,,Genova Delicatessen,2026-08-05,fallback,12.95,1
baked turkey,,Genova Delicatessen,2026-08-05,fallback,12.95,1
ballast point sculpin ipa,,Gott's Napa,2014-12-22,wayback,6.0,1
ballast point sculpin ipa,,Gott's Napa,2015-05-13,wayback,6.0,1
ballast point sculpin ipa,,Gott's Napa,2015-07-24,wayback,6.0,1
ballast point sculpin ipa,,Gott's Napa,2017-07-22,wayback,7.0,1
ballast point sculpin ipa,,Gott's Napa,2021-01-17,wayback,8.0,1
ballast point sculpin ipa,12oz,Gott's Napa,2014-08-11,wayback,4.5,2
ballast point sculpin ipa,12oz,Gott's Napa,2015-02-06,wayback,6.0,2
ballast point sculpin ipa,12oz,Gott's Napa,2015-05-13,wayback,6.0,1
ballast point sculpin ipa,12oz,Gott's Napa,2015-11-23,wayback,6.0,1
ballast point sculpin ipa,Canned (12oz),Gott's Napa,2014-12-22,wayback,6.0,1
balvenie 12 yr,,Angele Restaurant & Bar,2014-09-20,wayback,12.0,1
bambini,,Bistro Don Giovanni,2017-01-10,wayback,17.0,1
bambini,,Bistro Don Giovanni,2019-09-19,wayback,19.0,1
bambini,,Bistro Don Giovanni,2020-03-27,wayback,19.0,1
bambini,,Bistro Don Giovanni,2020-09-21,wayback,20.0,2
bambini,,Bistro Don Giovanni,2021-01-27,wayback,22.0,1
bambini,,Bistro Don Giovanni,2022-01-20,wayback,24.0,1
bambini,,Bistro Don Giovanni,2022-05-27,wayback,24.0,1
bambini,,Bistro Don Giovanni,2023-04-01,wayback,25.0,1
bambini,,Bistro Don Giovanni,2023-12-05,wayback,25.0,2
banana,,Five Guys,2023-11-27,exif,0.9,1
banana pecan caramel french toast,,The Depot Eatery,2026-08-05,web,18.0,1
bandit 10 pinot grigio california,Bottle,Gott's Napa,2011-03-22,wayback,18.0,1
bandit 10 pinot grigio california,Bottle,Gott's Napa,2012-05-15,wayback,18.0,2
bandit 10 pinot grigio california,Glass,Gott's Napa,2011-03-22,wayback,5.0,1
bandit 10 pinot grigio california,Glass,Gott's Napa,2012-05-15,wayback,5.0,2
bar b que sauce,,Five Guys,2023-11-27,exif,0.6,1
barbecue bacon,,Barney's Burgers,2024-01-15,dom,10.99,1
barrel brothers amber lager,,Bistro Don Giovanni,2020-09-21,wayback,9.0,1
barrel brothers por qu no amber lager,,Bistro Don Giovanni,2019-09-19,wayback,8.0,1
barrel brothers por qu no amber lager,,Bistro Don Giovanni,2020-03-27,wayback,8.0,1
barrel brothers por qu no amber lager,,Bistro Don Giovanni,2020-09-21,wayback,9.0,1
barrel brothers por qu no amber lager,,Bistro Don Giovanni,2021-01-27,wayback,9.0,1
barrel brothers por qu no amber lager,,Bistro Don Giovanni,2022-01-20,wayback,9.0,1
barrel brothers por qu no amber lager,,Bistro Don Giovanni,2022-05-27,wayback,9.0,1
barrel brothers por qu no amber lager,,Bistro Don Giovanni,2023-04-01,wayback,9.0,1
barrel brothers por qu no amber lager,,Bistro Don Giovanni,2023-12-05,wayback,9.0,2
basil turkey sandwich,,The Depot Eatery,2026-08-05,web,19.0,1
bbq bacon cheese,,Barney's Burgers,2026-08-05,web,9.45,1
bbq chicken,,Barney's Burgers,2024-01-15,dom,8.99,1
bbq chicken,,Barney's Burgers,2026-08-05,web,8.75,1
bbq chicken,,Gott's Napa,2012-06-17,wayback,10.99,2
bbq chicken,,Gott's Napa,2014-10-29,wayback,10.99,1
bear republic racer 5 india pale ale healdsburg ca,,Angele Restaurant & Bar,2015-03-05,wayback,5.0,1
beck s premier light st louis mo,,Angele Restaurant & Bar,2015-03-05,wayback,5.0,1
bedrock zinfandel,Bottle,Gott's Napa,2015-02-06,wayback,27.0,1
bedrock zinfandel,Glass,Gott's Napa,2015-02-06,wayback,9.0,1
bedrock zinfandel california,,Gott's Napa,2015-02-06,wayback,9.0,1
bedrock zinfandel california,,Gott's Napa,2015-05-13,wayback,9.0,1
bedrock zinfandel california,Bottle,Gott's Napa,2015-02-06,wayback,27.0,1
bedrock zinfandel california,Bottle,Gott's Napa,2015-05-13,wayback,27.0,2
bedrock zinfandel california,Glass,Gott's Napa,2015-05-13,wayback,9.0,1
bee s knees,,Angele Restaurant & Bar,2014-09-20,wayback,12.0,1
beef tartare,,Perez Kitchen & Bar,2026-08-05,pdf,28.0,1
beet haricot verts,,Bistro Don Giovanni,2017-01-10,wayback,14.0,1
beet haricot verts,,Bistro Don Giovanni,2019-09-19,wayback,15.0,1
beet haricot verts,,Bistro Don Giovanni,2020-03-27,wayback,15.0,1
beet haricot verts,,Bistro Don Giovanni,2020-09-21,wayback,15.0,2
beet haricot verts,,Bistro Don Giovanni,2021-01-27,wayback,16.0,1
beet haricot verts,,Bistro Don Giovanni,2022-01-20,wayback,17.0,1
beet haricot verts,,Bistro Don Giovanni,2022-05-27,wayback,17.0,1
beet haricot verts,,Bistro Don Giovanni,2023-04-01,wayback,18.0,1
beet haricot verts,,Bistro Don Giovanni,2023-12-05,wayback,18.0,2
beet salad burrata cheese baby garden greens red wine beet vinaigrette orange oil,,Angele Restaurant & Bar,2016-04-12,wayback,16.0,1
beet salad burrata cheese baby garden greens red wine beet vinaigrette orange oil,,Angele Restaurant & Bar,2016-05-08,wayback,16.0,1
belgian waffle,,The Depot Eatery,2026-08-05,web,8.0,1
bella union by far niente cabernet sauvignon,,Bistro Don Giovanni,2020-03-27,wayback,20.0,1
bella union by far niente cabernet sauvignon,,Bistro Don Giovanni,2020-09-21,wayback,20.0,3
bella union by far niente cabernet sauvignon,,Bistro Don Giovanni,2021-01-27,wayback,20.0,1
bella union by far niente cabernet sauvignon,,Bistro Don Giovanni,2022-01-20,wayback,20.0,1
bella union by far niente cabernet sauvignon,,Bistro Don Giovanni,2022-05-27,wayback,20.0,1
bella union by far niente cabernet sauvignon,,Bistro Don Giovanni,2023-04-01,wayback,20.0,1
bella union by far niente cabernet sauvignon,,Bistro Don Giovanni,2023-12-05,wayback,20.0,2
bellifolli nero d avola,,Bistro Don Giovanni,2022-05-27,wayback,15.0,1
bellifolli nero d avola siciliana italy,,Bistro Don Giovanni,2023-04-01,wayback,15.0,1
bellini,,Angele Restaurant & Bar,2014-09-20,wayback,12.0,1
bellini,,Bistro Don Giovanni,2017-01-10,wayback,12.0,1
bellini,,Bistro Don Giovanni,2019-09-19,wayback,12.0,1
bellini,,Bistro Don Giovanni,2022-05-27,wayback,14.0,1
bellini,,Bistro Don Giovanni,2023-04-01,wayback,14.0,1
bellini,,Bistro Don Giovanni,2023-12-05,wayback,14.0,1
bellini,,Farmstead at Long Meadow Ranch,2026-06-15,pdf,19.0,1
berry forager,,Bistro Don Giovanni,2023-12-05,wayback,16.0,1
beverages,Lg,In-N-Out Burger,2026-06-25,exif,2.55,1
beverages,Med,In-N-Out Burger,2026-06-25,exif,2.35,1
beverages,Sm,In-N-Out Burger,2026-06-25,exif,2.2,1
beverages,X-Lg,In-N-Out Burger,2026-06-25,exif,2.75,1
beverages,LG,In-N-Out Burger,2025-02-25,exif,2.4,1
beverages,MED,In-N-Out Burger,2025-02-25,exif,2.2,1
beverages,SM,In-N-Out Burger,2025-02-25,exif,2.05,1
beverages,X-LG,In-N-Out Burger,2025-02-25,exif,2.6,1
beverages,LG,In-N-Out Burger,2026-06-11,exif,2.55,1
beverages,MED,In-N-Out Burger,2026-06-11,exif,2.35,1
beverages,SM,In-N-Out Burger,2026-06-11,exif,2.2,1
beverages,X-LG,In-N-Out Burger,2026-06-11,exif,2.75,1
biale vineyards black chicken,,Bistro Don Giovanni,2020-09-21,wayback,94.0,1
biale vineyards moore vineyard,,Bistro Don Giovanni,2020-09-21,wayback,112.0,1
bieler 13 p re et fils ros,,Gott's Napa,2013-02-28,wayback,21.0,2
bieler 13 p re et fils ros,,Gott's Napa,2015-02-13,wayback,12.0,2
bieler 13 p re et fils ros,,Gott's Napa,2015-05-13,wayback,7.0,1
bieler 13 p re et fils ros,,Gott's Napa,2015-07-24,wayback,7.0,1
bieler 13 p re et fils ros,Bottle,Gott's Napa,2012-06-17,wayback,21.0,2
bieler 13 p re et fils ros,Bottle,Gott's Napa,2014-08-11,wayback,18.0,2
bieler 13 p re et fils ros,Bottle,Gott's Napa,2014-12-22,wayback,18.0,2
bieler 13 p re et fils ros,Bottle,Gott's Napa,2015-05-13,wayback,21.0,2
bieler 13 p re et fils ros,Bottle,Gott's Napa,2017-07-22,wayback,24.0,1
bieler 13 p re et fils ros,Bottle,Gott's Napa,2021-01-17,wayback,32.0,1
bieler 13 p re et fils ros,Glass,Gott's Napa,2012-06-17,wayback,7.0,2
bieler 13 p re et fils ros,Glass,Gott's Napa,2014-08-11,wayback,6.0,2
bieler 13 p re et fils ros,Glass,Gott's Napa,2014-12-22,wayback,6.0,2
bieler 13 p re et fils ros,Glass,Gott's Napa,2015-05-13,wayback,7.0,1
bieler 13 p re et fils ros,Glass,Gott's Napa,2017-07-22,wayback,8.0,1
bieler 13 p re et fils ros,Glass,Gott's Napa,2021-01-17,wayback,8.0,1
big mac,,McDonald's,2022-04-16,exif,8.19,1
billecart salmon brut ros,,Bistro Don Giovanni,2020-09-21,wayback,190.0,1
billecart salmon brut ros,375 ml.,Bistro Don Giovanni,2020-09-21,wayback,95.0,1
billecart salmon nv brut r serve,,Gott's Napa,2014-08-11,wayback,32.0,1
billecart salmon nv brut r serve,,Gott's Napa,2014-12-22,wayback,29.0,2
billecart salmon nv brut r serve,375ml,Gott's Napa,2014-08-11,wayback,32.0,1
birra friuli lager,,Bistro Don Giovanni,2022-01-20,wayback,9.0,1
birra friuli lager,,Bistro Don Giovanni,2023-04-01,wayback,9.0,1
birra friuli lager,,Bistro Don Giovanni,2023-12-05,wayback,9.0,2
biscuit mushroom gravy,,Perez Kitchen & Bar,2026-08-05,pdf,13.0,1
biscuits gravy,,Cartwright's Taprock Northwest Grill,2023-06-10,wayback,14.0,1
biscuits gravy,2,Code 4 Taphouse,2025-11-15,exif,10.95,2
biscuits gravy,Large,The Depot Eatery,2026-08-05,web,9.0,1
biscuits gravy,Small,The Depot Eatery,2026-08-05,web,7.0,1
biscuits life everlasting sausage gravy,,Farmstead at Long Meadow Ranch,2026-06-15,pdf,25.0,1
bishop s peak 13 pinot noir san luis obispo,,Gott's Napa,2015-02-06,wayback,9.0,1
bishop s peak 13 pinot noir san luis obispo,Bottle,Gott's Napa,2015-02-06,wayback,27.0,1
bishop s peak pinot noir,Bottle,Gott's Napa,2015-02-06,wayback,27.0,1
bishop s peak pinot noir,Glass,Gott's Napa,2015-02-06,wayback,9.0,1
bistro blood orange negroni,,Bistro Don Giovanni,2020-03-27,wayback,14.0,1
bistro caps,,Bistro Don Giovanni,2019-09-19,wayback,20.0,1
bistro caps,,Bistro Don Giovanni,2020-03-27,wayback,20.0,1
bistro caps,,Bistro Don Giovanni,2020-09-21,wayback,20.0,2
bistro caps,,Bistro Don Giovanni,2021-01-27,wayback,20.0,1
bistro classic negroni,,Bistro Don Giovanni,2017-01-10,wayback,14.0,1
bistro don giovanni cabernet sauvignon reserve,,Bistro Don Giovanni,2017-01-10,wayback,13.0,1
bistro don giovanni cabernet sauvignon reserve,,Bistro Don Giovanni,2019-09-19,wayback,13.0,1
bistro don giovanni cabernet sauvignon reserve,,Bistro Don Giovanni,2020-03-27,wayback,13.0,1
bistro don giovanni cabernet sauvignon reserve,,Bistro Don Giovanni,2020-09-21,wayback,13.0,3
bistro don giovanni cabernet sauvignon reserve,,Bistro Don Giovanni,2021-01-27,wayback,13.0,1
bistro don giovanni cabernet sauvignon reserve,,Bistro Don Giovanni,2022-01-20,wayback,13.0,1
bistro don giovanni cabernet sauvignon reserve,,Bistro Don Giovanni,2022-05-27,wayback,13.0,1
bistro don giovanni cabernet sauvignon reserve,,Bistro Don Giovanni,2023-04-01,wayback,14.0,1
bistro don giovanni cabernet sauvignon reserve,,Bistro Don Giovanni,2023-12-05,wayback,14.5,2
bistro don giovanni chardonnay,,Bistro Don Giovanni,2017-01-10,wayback,9.0,1
bistro don giovanni chardonnay,,Bistro Don Giovanni,2019-09-19,wayback,9.0,1
bistro don giovanni chardonnay,,Bistro Don Giovanni,2020-03-27,wayback,9.0,1
bistro don giovanni chardonnay,,Bistro Don Giovanni,2020-09-21,wayback,10.0,4
bistro don giovanni chardonnay,,Bistro Don Giovanni,2021-01-27,wayback,10.0,1
bistro don giovanni chardonnay,,Bistro Don Giovanni,2022-01-20,wayback,10.0,1
bistro don giovanni chardonnay,,Bistro Don Giovanni,2022-05-27,wayback,11.0,1
bistro don giovanni chardonnay,,Bistro Don Giovanni,2023-04-01,wayback,12.0,1
bistro don giovanni chardonnay,,Bistro Don Giovanni,2023-12-05,wayback,12.0,2
bistro fig,,Bistro Don Giovanni,2020-09-21,wayback,22.0,1
bistro negroni,,Bistro Don Giovanni,2019-09-19,wayback,14.0,1
bistro negroni,,Bistro Don Giovanni,2020-09-21,wayback,14.0,2
bistro negroni,,Bistro Don Giovanni,2021-01-27,wayback,14.0,1
bistro negroni,,Bistro Don Giovanni,2022-01-20,wayback,14.0,1
bistro negroni,,Bistro Don Giovanni,2022-05-27,wayback,15.0,1
bistro negroni,,Bistro Don Giovanni,2023-04-01,wayback,15.0,1
bistro negroni,,Bistro Don Giovanni,2023-12-05,wayback,15.0,1
bistro t shirts,,Bistro Don Giovanni,2019-09-19,wayback,30.0,1
bistro t shirts,,Bistro Don Giovanni,2020-03-27,wayback,30.0,1
bistro t shirts,,Bistro Don Giovanni,2020-09-21,wayback,30.0,2
bistro t shirts,,Bistro Don Giovanni,2021-01-27,wayback,30.0,1
bite hard cider,,Gott's Napa,2014-12-22,wayback,6.0,1
bite hard cider,,Gott's Napa,2015-05-13,wayback,6.0,1
bite hard cider,,Gott's Napa,2015-07-24,wayback,6.0,1
bite hard cider,,Gott's Napa,2017-07-22,wayback,6.0,1
bite hard cider,12oz,Gott's Napa,2014-08-11,wayback,6.0,2
bite hard cider,12oz,Gott's Napa,2015-02-06,wayback,6.0,2
bite hard cider,12oz,Gott's Napa,2015-05-13,wayback,6.0,1
bite hard cider,12oz,Gott's Napa,2015-11-23,wayback,6.0,1
bite hard cider,16oz,Gott's Napa,2014-10-29,wayback,6.0,1
bite hard cider,Canned (12oz),Gott's Napa,2014-12-22,wayback,6.0,1
black stallion,,Bistro Don Giovanni,2020-09-21,wayback,35.0,1
black white shake,12oz,Gott's Napa,2014-08-11,wayback,5.99,1
black white shake,12oz,Gott's Napa,2021-01-17,wayback,6.99,1
black white shake,16oz,Gott's Napa,2014-08-11,wayback,6.99,1
black white shake,16oz,Gott's Napa,2021-01-17,wayback,7.99,1
blenheim ginger ale,,Bistro Don Giovanni,2017-01-10,wayback,4.5,1
blenheim ginger ale,,Bistro Don Giovanni,2020-03-27,wayback,5.5,1
blenheim ginger ale,,Bistro Don Giovanni,2020-09-21,wayback,5.5,2
blenheim ginger ale,,Bistro Don Giovanni,2021-01-27,wayback,5.5,1
blenheim ginger ale,,Bistro Don Giovanni,2022-01-20,wayback,5.5,1
blenheim ginger ale,,Bistro Don Giovanni,2022-05-27,wayback,5.5,1
blenheim ginger ale,,Bistro Don Giovanni,2023-04-01,wayback,6.0,1
blenheim ginger ale,,Bistro Don Giovanni,2023-12-05,wayback,6.0,2
blondie mary,,Bistro Don Giovanni,2019-09-19,wayback,12.0,1
blondie mary,,Bistro Don Giovanni,2020-09-21,wayback,12.0,2
blood orange mezcalita,,Bistro Don Giovanni,2023-04-01,wayback,15.0,1
bloody mary,,Cartwright's Taprock Northwest Grill,2023-06-10,wayback,8.0,1
bloody mary zesty housemade bloody mary mix vodka,,Cartwright's Taprock Northwest Grill,2014-08-01,wayback,5.75,1
blt,,Barney's Burgers,2024-01-15,dom,7.99,1
blt,,Barney's Burgers,2026-08-05,web,8.25,1
blt,,Five Guys,2023-11-27,exif,6.6,1
blue bottle new orleans,,Gott's Napa,2017-07-22,wayback,4.99,1
blue bottle new orleans,,Gott's Napa,2021-01-17,wayback,4.99,1
blue bottle new orleans iced coffee,,Gott's Napa,2014-12-22,wayback,3.99,2
blue bottle new orleans iced coffee,,Gott's Napa,2015-02-06,wayback,3.99,2
blue bottle new orleans iced coffee,,Gott's Napa,2015-05-13,wayback,3.99,2
blue bottle new orleans iced coffee,,Gott's Napa,2015-07-24,wayback,3.99,1
blue bottle new orleans iced coffee,,Gott's Napa,2015-11-23,wayback,3.99,1
blue burger,,The Depot Eatery,2026-08-05,web,18.0,1
blue cheese burger,,Gott's Napa,2011-03-22,wayback,8.99,2
blue cheese burger,,Gott's Napa,2012-05-15,wayback,9.99,2
blue cheese burger,,Gott's Napa,2012-06-17,wayback,9.99,2
blue cheese burger,,Gott's Napa,2014-08-11,wayback,10.99,2
blue cheese burger,,Gott's Napa,2014-10-29,wayback,9.99,1
blue cheese burger,,Gott's Napa,2014-12-22,wayback,10.99,2
blue cheese burger,,Gott's Napa,2015-02-06,wayback,10.99,2
blue cheese burger,,Gott's Napa,2015-05-13,wayback,10.99,2
blue cheese burger,,Gott's Napa,2015-07-24,wayback,10.99,1
blue cheese burger,,Gott's Napa,2015-11-23,wayback,10.99,1
blue cheese burger,,Gott's Napa,2017-07-22,wayback,10.99,1
blue moon belgian style wheat ale,,Gott's Napa,2014-12-22,wayback,4.5,1
blue moon belgian style wheat ale,,Gott's Napa,2015-05-13,wayback,4.5,1
blue moon belgian style wheat ale,,Gott's Napa,2015-07-24,wayback,4.5,1
blue moon belgian style wheat ale,,Gott's Napa,2017-07-22,wayback,4.5,1
blue moon belgian style wheat ale,,Gott's Napa,2021-01-17,wayback,4.5,1
blue moon belgian style wheat ale,12oz,Gott's Napa,2014-08-11,wayback,4.5,2
blue moon belgian style wheat ale,12oz,Gott's Napa,2014-10-29,wayback,4.5,1
blue moon belgian style wheat ale,12oz,Gott's Napa,2015-02-06,wayback,4.5,2
blue moon belgian style wheat ale,12oz,Gott's Napa,2015-05-13,wayback,4.5,1
blue moon belgian style wheat ale,12oz,Gott's Napa,2015-11-23,wayback,4.5,1
blue moon belgian style wheat ale,Canned (12oz),Gott's Napa,2014-12-22,wayback,4.5,1
blueberry banana french toast,,Cartwright's Taprock Northwest Grill,2014-08-01,wayback,11.49,1
blueberry banana pancakes,,Cartwright's Taprock Northwest Grill,2014-08-01,wayback,8.14,2
boiled ham,,Genova Delicatessen,2026-08-05,fallback,12.95,1
bologna,,Genova Delicatessen,2026-08-05,fallback,12.95,1
bonal aperitif des montaignes,,Angele Restaurant & Bar,2015-03-05,wayback,10.0,1
bone in chicken wings,10,The Depot Eatery,2026-08-05,web,20.0,1
bone in chicken wings,6,The Depot Eatery,2026-08-05,web,14.0,1
bonny doon clos du gilroy grenache,,Gott's Napa,2015-02-13,wayback,12.0,2
bonny doon le cigare volant,Half Bottle,Gott's Napa,2014-10-29,wayback,24.0,1
borreo by silverado vineyards sangiovese,,Bistro Don Giovanni,2022-05-27,wayback,16.0,1
bottled beers,,Gott's Napa,2013-02-28,wayback,4.5,2
bottles to go,,Five Guys,2023-11-27,exif,3.25,1
bouchard p re fils nuits saint georges,,Bistro Don Giovanni,2020-09-21,wayback,134.0,1
boudin blanc,,Angele Restaurant & Bar,2015-02-21,wayback,20.0,1
boylan s root beer,,Angele Restaurant & Bar,2015-03-05,wayback,8.0,1
braised lamb shank,,Bistro Don Giovanni,2017-01-10,wayback,32.0,1
braised lamb shank,,Bistro Don Giovanni,2019-09-19,wayback,34.0,1
braised lamb shank,,Bistro Don Giovanni,2020-03-27,wayback,34.0,1
braised lamb shank,,Bistro Don Giovanni,2020-09-21,wayback,36.0,2
braised lamb shank,,Bistro Don Giovanni,2021-01-27,wayback,36.0,1
braised lamb shank,,Bistro Don Giovanni,2022-01-20,wayback,38.0,1
braised lamb shank,,Bistro Don Giovanni,2022-05-27,wayback,38.0,1
braised lamb shank,,Bistro Don Giovanni,2023-12-05,wayback,37.5,2
braised rancho gordo beans with salsa verde,,Farmstead at Long Meadow Ranch,2021-05-11,wayback,7.0,1
braised rancho gordo beans with salsa verde,,Farmstead at Long Meadow Ranch,2021-07-28,wayback,7.0,1
braised rancho gordo beans with salsa verde,,Farmstead at Long Meadow Ranch,2021-08-02,wayback,7.0,1
breakfast,,Gott's Napa,2013-02-28,wayback,1750.0,1
breakfast burger,,Burgerville,2026-04-26,exif,6.99,1
breakfast combo,,The Depot Eatery,2026-08-05,web,16.0,1
breakfast sandwich,,The Depot Eatery,2026-08-05,web,18.0,1
breakfast tacos,,Perez Kitchen & Bar,2026-08-05,pdf,14.0,1
brick cooked chicken,,Farmstead at Long Meadow Ranch,2025-10-15,pdf,14.0,1
brick cooked chicken with potatoes and greens,,Farmstead at Long Meadow Ranch,2021-05-11,wayback,10.0,1
brick cooked chicken with potatoes and greens,,Farmstead at Long Meadow Ranch,2021-07-28,wayback,10.0,1
brick cooked chicken with potatoes and greens,,Farmstead at Long Meadow Ranch,2021-08-02,wayback,10.0,1
brisket orange,,Barney's Burgers,2024-01-15,dom,8.99,1
brisket ortega on sourdough,,Barney's Burgers,2026-08-05,web,9.0,1
broccoli di ciccio,,Bistro Don Giovanni,2022-01-20,wayback,8.0,1
broccoli di ciccio,,Bistro Don Giovanni,2023-12-05,wayback,9.0,1
brookdale,,Bistro Don Giovanni,2020-09-21,wayback,45.0,1
brunch burger,,The Depot Eatery,2026-08-05,web,19.0,1
bruno giacosa roero arneis,,Bistro Don Giovanni,2020-03-27,wayback,14.0,1
bruno giacosa roero arneis,,Bistro Don Giovanni,2020-09-21,wayback,16.0,3
bruno giacosa roero arneis,,Bistro Don Giovanni,2021-01-27,wayback,16.0,1
bruno giacosa roero arneis,,Bistro Don Giovanni,2023-12-05,wayback,19.0,2
bruno giacosa roero arneis piemonte italy,,Bistro Don Giovanni,2019-09-19,wayback,14.0,1
bruno giacosa roero arneis piemonte italy,,Bistro Don Giovanni,2020-09-21,wayback,15.0,1
bruno giacosa roero arneis piemonte italy,,Bistro Don Giovanni,2022-01-20,wayback,16.0,1
bruno giacosa roero arneis piemonte italy,,Bistro Don Giovanni,2023-04-01,wayback,19.0,1
bruschetta,,Bistro Don Giovanni,2022-01-20,wayback,17.0,1
bruschetta,,Bistro Don Giovanni,2022-05-27,wayback,16.0,1
bruschetta,,Bistro Don Giovanni,2023-04-01,wayback,17.0,1
bruschetta,,Bistro Don Giovanni,2023-12-05,wayback,18.0,2
brussels sprouts caper brown butter parmigiano,,Bistro Don Giovanni,2020-03-27,wayback,8.0,1
brussels sprouts caper brown butter parmigiano,,Bistro Don Giovanni,2021-01-27,wayback,8.0,1
brussels sprouts caper brown butter parmigiano,,Bistro Don Giovanni,2022-01-20,wayback,8.0,1
bucatini bolognese,,Bistro Don Giovanni,2020-09-21,wayback,25.0,1
bucatini cacio e pepe,,Bistro Don Giovanni,2020-03-27,wayback,23.0,1
bud light,,Gott's Napa,2011-03-22,wayback,4.0,2
bud light,,Gott's Napa,2012-05-15,wayback,4.0,2
bud light long neck,,Gott's Napa,2015-02-13,wayback,4.5,1
bud light long neck,12oz,Gott's Napa,2014-10-29,wayback,4.5,1
budweiser,,Bistro Don Giovanni,2017-01-10,wayback,4.5,1
budweiser,,Bistro Don Giovanni,2019-09-19,wayback,5.0,1
budweiser,,Bistro Don Giovanni,2020-03-27,wayback,5.0,1
budweiser,,Bistro Don Giovanni,2020-09-21,wayback,6.0,2
budweiser,,Bistro Don Giovanni,2021-01-27,wayback,6.0,1
budweiser,,Bistro Don Giovanni,2022-01-20,wayback,6.0,1
budweiser,,Bistro Don Giovanni,2022-05-27,wayback,6.0,1
budweiser,,Bistro Don Giovanni,2023-04-01,wayback,6.0,1
budweiser,,Bistro Don Giovanni,2023-12-05,wayback,6.0,1
buehler 09 chardonnay russian river,Bottle,Gott's Napa,2011-03-22,wayback,24.0,1
buehler 09 chardonnay russian river,Glass,Gott's Napa,2011-03-22,wayback,8.0,1
buehler 10 zinfandel napa valley,Bottle,Gott's Napa,2012-05-15,wayback,24.0,2
buehler 10 zinfandel napa valley,Bottle,Gott's Napa,2012-06-17,wayback,27.0,1
buehler 10 zinfandel napa valley,Glass,Gott's Napa,2012-05-15,wayback,8.0,2
buehler 10 zinfandel napa valley,Glass,Gott's Napa,2012-06-17,wayback,9.0,1
buehler vineyards chardonnay,,Gott's Napa,2015-02-13,wayback,18.0,2
buehler zinfandel,Bottle,Gott's Napa,2012-06-17,wayback,27.0,1
buehler zinfandel,Glass,Gott's Napa,2012-06-17,wayback,9.0,1
buffalo chicken,,Genova Delicatessen,2026-08-05,fallback,12.95,1
bundaberg blood orange soda,,Angele Restaurant & Bar,2015-03-05,wayback,8.0,1
bundaberg pink grapefruit soda,,Angele Restaurant & Bar,2015-03-05,wayback,8.0,1
burger patty,,Barney's Burgers,2024-01-15,dom,8.0,1
burrata,,Farmstead at Long Meadow Ranch,2021-05-06,wayback,5.0,1
burrata,,Farmstead at Long Meadow Ranch,2021-05-11,wayback,5.0,1
burrata,,Farmstead at Long Meadow Ranch,2021-08-02,wayback,5.0,2
burrata,,Farmstead at Long Meadow Ranch,2024-06-19,wayback,5.0,1
butter lettuce,,Bistro Don Giovanni,2017-01-10,wayback,13.0,1
butter lettuce,,Bistro Don Giovanni,2019-09-19,wayback,14.0,1
buttermilk pancakes,,Cartwright's Taprock Northwest Grill,2014-08-01,wayback,9.29,1
buttery smashed jack burger,,Jack in the Box,2025-08-11,exif,7.69,1
buttery smashed jack combo,,Jack in the Box,2025-08-11,exif,12.09,1
byron 13 pinot noir santa barbara county,,Gott's Napa,2015-11-23,wayback,9.0,1
byron 13 pinot noir santa barbara county,Bottle,Gott's Napa,2015-11-23,wayback,27.0,1
c dudugnon grand reserve cognac,,Angele Restaurant & Bar,2014-09-20,wayback,15.0,1
cabernet sauvignon buehler vineyards,Bottle,Gott's Napa,2017-07-22,wayback,33.0,1
cabernet sauvignon buehler vineyards,Glass,Gott's Napa,2017-07-22,wayback,11.0,1
cabernet sauvignon long meadow ranch,Half Bottle,Gott's Napa,2017-07-22,wayback,38.0,1
cabernet sauvignon long meadow ranch,Half Bottle,Gott's Napa,2021-01-17,wayback,42.0,1
cabernet sauvignon sean minor,Bottle,Gott's Napa,2021-01-17,wayback,44.0,1
cabernet sauvignon sean minor,Glass,Gott's Napa,2021-01-17,wayback,11.0,1
cade,,Bistro Don Giovanni,2020-09-21,wayback,66.0,1
caesar,,Bistro Don Giovanni,2017-01-10,wayback,12.0,1
caesar,,Bistro Don Giovanni,2019-09-19,wayback,14.0,1
caesar,,Bistro Don Giovanni,2020-03-27,wayback,14.0,1
caesar,,Bistro Don Giovanni,2020-09-21,wayback,15.0,2
caesar,,Bistro Don Giovanni,2021-01-27,wayback,16.0,1
caesar,,Bistro Don Giovanni,2022-01-20,wayback,18.0,1
caesar,,Bistro Don Giovanni,2022-05-27,wayback,18.0,1
caesar,,Bistro Don Giovanni,2023-04-01,wayback,18.0,1
caesar,,Bistro Don Giovanni,2023-12-05,wayback,18.0,2
caesar,,Perez Kitchen & Bar,2026-08-05,pdf,16.0,1
caille r ti,,Angele Restaurant & Bar,2012-04-09,wayback,26.0,1
cain five spring mountain,Half Bottle,Bistro Don Giovanni,2020-09-21,wayback,98.0,1
calamarata,,Bistro Don Giovanni,2022-05-27,wayback,29.0,1
calera 13 pinot noir central coast,Half Bottle,Gott's Napa,2015-11-23,wayback,22.0,1
calicraft cali c ast k lsch,,Gott's Napa,2017-07-22,wayback,5.0,1
california arborio rice roasted mushrooms summer squash basil pistou,,Farmstead at Long Meadow Ranch,2026-06-15,pdf,28.0,1
california burger,,Gott's Napa,2015-11-23,wayback,12.99,1
california burger,,Gott's Napa,2017-07-22,wayback,12.99,1
california burger,,Gott's Napa,2021-01-17,wayback,14.99,1
california chicken,,Gott's Napa,2011-03-22,wayback,9.99,2
california chicken,,Gott's Napa,2012-05-15,wayback,10.99,2
california chicken,,Gott's Napa,2012-06-17,wayback,10.99,2
california chicken,,Gott's Napa,2014-08-11,wayback,10.99,2
california chicken,,Gott's Napa,2014-10-29,wayback,10.99,1
california chicken,,Gott's Napa,2014-12-22,wayback,11.99,2
california chicken,,Gott's Napa,2015-02-06,wayback,11.99,2
california chicken,,Gott's Napa,2015-05-13,wayback,11.99,2
california chicken,,Gott's Napa,2015-07-24,wayback,11.99,1
california chicken,,Gott's Napa,2015-11-23,wayback,11.99,1
california chicken,,Gott's Napa,2017-07-22,wayback,12.99,1
california chicken,,Gott's Napa,2021-01-17,wayback,12.99,1
california drafts,,Gott's Napa,2011-03-22,wayback,5.0,2
california drafts,,Gott's Napa,2012-05-15,wayback,5.0,2
calista,,Bistro Don Giovanni,2020-09-21,wayback,54.0,1
campari,,Angele Restaurant & Bar,2015-03-05,wayback,10.0,1
campari,,Bistro Don Giovanni,2017-01-10,wayback,8.5,1
campari,,Bistro Don Giovanni,2019-09-19,wayback,9.0,1
campari,,Bistro Don Giovanni,2020-03-27,wayback,9.0,1
campari,,Bistro Don Giovanni,2020-09-21,wayback,10.0,2
campari,,Bistro Don Giovanni,2021-01-27,wayback,10.0,1
campstove skillet,,Cartwright's Taprock Northwest Grill,2014-08-01,wayback,10.49,1
canard,,Angele Restaurant & Bar,2012-04-09,wayback,29.0,1
canned soda,,Gott's Napa,2013-02-28,wayback,2.0,2
cantina puiatti friulano,,Bistro Don Giovanni,2023-12-05,wayback,15.0,2
cappuccini absolut vodka coffee liqueur and baileys irish cream shaken with a shot of espresso and topped with whipped cream,,Cartwright's Taprock Northwest Grill,2014-08-01,wayback,7.5,1
cappuccino,,Cartwright's Taprock Northwest Grill,2014-08-01,wayback,3.29,1
cappuccino,,McDonald's,2022-04-16,exif,3.55,1
caprese,,Bistro Don Giovanni,2019-09-19,wayback,18.0,1
caprese,,Bistro Don Giovanni,2020-09-21,wayback,18.0,1
caramel macchiato,,McDonald's,2022-04-16,exif,3.55,1
caramelized beets,,Farmstead at Long Meadow Ranch,2026-06-15,pdf,18.0,1
carmel road pinot noir,Half Bottle,Bistro Don Giovanni,2020-09-21,wayback,25.0,1
carnitas fries,,Perez Kitchen & Bar,2026-08-05,pdf,14.0,1
carpaccio,,Bistro Don Giovanni,2017-01-10,wayback,17.0,1
carpaccio,,Bistro Don Giovanni,2019-09-19,wayback,18.0,1
carpaccio,,Bistro Don Giovanni,2020-03-27,wayback,18.0,1
carpaccio,,Bistro Don Giovanni,2020-09-21,wayback,19.0,2
carpaccio,,Bistro Don Giovanni,2021-01-27,wayback,19.0,1
carpaccio,,Bistro Don Giovanni,2022-01-20,wayback,19.0,1
carpaccio,,Bistro Don Giovanni,2022-05-27,wayback,19.0,1
carpaccio,,Bistro Don Giovanni,2023-04-01,wayback,19.0,1
carpaccio,,Bistro Don Giovanni,2023-12-05,wayback,19.0,2
carpano antica,,Angele Restaurant & Bar,2015-03-05,wayback,10.0,1
casa lapostolle 10 sauvignon blanc chile,Bottle,Gott's Napa,2011-03-22,wayback,21.0,1
casa lapostolle 10 sauvignon blanc chile,Glass,Gott's Napa,2011-03-22,wayback,7.0,1
ch teau de briat armagnac,,Angele Restaurant & Bar,2014-09-20,wayback,16.0,1
ch teau de laubade aoc floc de goscogne,,Angele Restaurant & Bar,2015-03-05,wayback,10.0,1
ch teau du busca 15 yr armagnac,,Angele Restaurant & Bar,2014-09-20,wayback,18.0,1
chapman crafted pilsner,,Bistro Don Giovanni,2020-03-27,wayback,8.0,1
chapman crafted pilsner,,Bistro Don Giovanni,2020-09-21,wayback,9.0,2
chappellet 09 cabernet sauvignon napa valley,,Gott's Napa,2013-02-28,wayback,36.0,1
chappellet 09 cabernet sauvignon napa valley,Bottle,Gott's Napa,2011-03-22,wayback,33.0,1
chappellet 09 cabernet sauvignon napa valley,Bottle,Gott's Napa,2012-05-15,wayback,33.0,2
chappellet 09 cabernet sauvignon napa valley,Bottle,Gott's Napa,2012-06-17,wayback,36.0,1
chappellet 09 cabernet sauvignon napa valley,Glass,Gott's Napa,2011-03-22,wayback,11.0,1
chappellet 09 cabernet sauvignon napa valley,Glass,Gott's Napa,2012-05-15,wayback,11.0,2
chappellet 09 cabernet sauvignon napa valley,Glass,Gott's Napa,2012-06-17,wayback,12.0,1
chappellet cabernet sauvignon,,Gott's Napa,2013-02-28,wayback,36.0,1
chappellet cabernet sauvignon,Bottle,Gott's Napa,2012-06-17,wayback,36.0,1
chappellet cabernet sauvignon,Glass,Gott's Napa,2012-06-17,wayback,12.0,1
chardonnay miner,Half Bottle,Gott's Napa,2021-01-17,wayback,26.0,1
charles charles 13 cabernet blend,,Gott's Napa,2015-02-06,wayback,7.0,1
charles charles 13 cabernet blend,,Gott's Napa,2015-05-13,wayback,7.0,1
charles charles 13 cabernet blend,,Gott's Napa,2015-07-24,wayback,7.0,1
charles charles 13 cabernet blend,,Gott's Napa,2015-11-23,wayback,7.0,1
charles charles 13 cabernet blend,Bottle,Gott's Napa,2014-08-11,wayback,18.0,2
charles charles 13 cabernet blend,Bottle,Gott's Napa,2014-10-29,wayback,18.0,1
charles charles 13 cabernet blend,Bottle,Gott's Napa,2014-12-22,wayback,21.0,2
charles charles 13 cabernet blend,Bottle,Gott's Napa,2015-02-06,wayback,21.0,2
charles charles 13 cabernet blend,Bottle,Gott's Napa,2015-05-13,wayback,21.0,2
charles charles 13 cabernet blend,Bottle,Gott's Napa,2015-11-23,wayback,21.0,1
charles charles 13 cabernet blend,Bottle,Gott's Napa,2017-07-22,wayback,24.0,1
charles charles 13 cabernet blend,Bottle,Gott's Napa,2021-01-17,wayback,32.0,1
charles charles 13 cabernet blend,Glass,Gott's Napa,2014-08-11,wayback,6.0,2
charles charles 13 cabernet blend,Glass,Gott's Napa,2014-10-29,wayback,6.0,1
charles charles 13 cabernet blend,Glass,Gott's Napa,2014-12-22,wayback,7.0,2
charles charles 13 cabernet blend,Glass,Gott's Napa,2015-02-06,wayback,7.0,1
charles charles 13 cabernet blend,Glass,Gott's Napa,2015-05-13,wayback,7.0,1
charles charles 13 cabernet blend,Glass,Gott's Napa,2017-07-22,wayback,8.0,1
charles charles 13 cabernet blend,Glass,Gott's Napa,2021-01-17,wayback,8.0,1
charles charles ros,,Gott's Napa,2015-02-13,wayback,12.0,2
charles krug,,Bistro Don Giovanni,2020-09-21,wayback,36.0,1
cheddar biscuits,,Farmstead at Long Meadow Ranch,2025-10-15,pdf,12.0,1
cheddar biscuits,,Farmstead at Long Meadow Ranch,2026-06-15,pdf,12.0,1
cheddar biscuits with honey butter,,Farmstead at Long Meadow Ranch,2021-05-06,wayback,3.0,1
cheddar biscuits with honey butter,,Farmstead at Long Meadow Ranch,2021-05-11,wayback,6.0,2
cheddar biscuits with honey butter,,Farmstead at Long Meadow Ranch,2021-07-28,wayback,9.0,1
cheddar biscuits with honey butter,,Farmstead at Long Meadow Ranch,2021-08-02,wayback,3.0,3
cheddar biscuits with honey butter,,Farmstead at Long Meadow Ranch,2024-06-19,wayback,3.0,1
cheddar burger,,River's Edge Restaurant,2026-07-16,exif,19.0,1
cheese burger,,Five Guys,2023-11-27,exif,9.9,1
cheese burger,,Gott's Napa,2011-03-22,wayback,7.99,2
cheese burger,,Gott's Napa,2012-05-15,wayback,7.99,2
cheese burger,,Gott's Napa,2012-06-17,wayback,7.99,2
cheese burger,,Gott's Napa,2014-08-11,wayback,7.99,2
cheese burger,,Gott's Napa,2014-10-29,wayback,7.99,1
cheese burger,,Gott's Napa,2014-12-22,wayback,7.99,2
cheese burger,,Gott's Napa,2015-02-06,wayback,7.99,2
cheese burger,,Gott's Napa,2015-05-13,wayback,7.99,2
cheese burger,,Gott's Napa,2015-07-24,wayback,7.99,1
cheese burger,,Gott's Napa,2015-11-23,wayback,7.99,1
cheese burger,,Gott's Napa,2017-07-22,wayback,8.24,2
cheese burger,,Gott's Napa,2021-01-17,wayback,8.49,2
cheese burger,,In-N-Out Burger,2026-06-25,exif,4.1,4
cheese burger,,In-N-Out Burger,2025-02-25,exif,3.95,1
cheese burger,,In-N-Out Burger,2026-06-11,exif,4.1,1
cheese burger,2,McDonald's,2022-04-16,exif,8.19,1
cheese dog,,Five Guys,2023-11-27,exif,6.0,1
cheese fries,,Gott's Napa,2021-01-17,wayback,5.29,1
cheeseburger seasoned fries,,Perez Kitchen & Bar,2026-08-05,pdf,19.0,1
cheesy bacon bread,,Farmstead at Long Meadow Ranch,2021-05-11,wayback,4.0,1
cheesy bacon bread,,Farmstead at Long Meadow Ranch,2021-08-02,wayback,4.0,1
cheesy bacon bread,,Farmstead at Long Meadow Ranch,2024-06-19,wayback,4.0,1
cherry flavor extra,,Gott's Napa,2012-05-15,wayback,0.99,1
chessa mattariga vermentino sardegna italy,,Bistro Don Giovanni,2022-01-20,wayback,15.0,1
chicken,,Gott's Napa,2021-01-17,wayback,5.0,1
chicken bacon ranch,,The Depot Eatery,2026-08-05,web,17.0,1
chicken caesar salad,,Gott's Napa,2011-03-22,wayback,9.99,2
chicken caesar salad,,Gott's Napa,2012-05-15,wayback,10.99,2
chicken caesar salad,,Gott's Napa,2012-06-17,wayback,10.99,2
chicken caesar salad,,Gott's Napa,2014-08-11,wayback,10.99,2
chicken caesar salad,,Gott's Napa,2014-10-29,wayback,10.99,1
chicken caesar salad,,Gott's Napa,2014-12-22,wayback,10.99,2
chicken caesar salad,,Gott's Napa,2015-02-06,wayback,10.99,2
chicken caesar salad,,Gott's Napa,2015-05-13,wayback,10.99,2
chicken caesar salad,,Gott's Napa,2015-07-24,wayback,10.99,1
chicken caesar salad,,Gott's Napa,2015-11-23,wayback,10.99,1
chicken club,,Gott's Napa,2011-03-22,wayback,9.99,2
chicken club,,Gott's Napa,2012-05-15,wayback,10.99,2
chicken drumettes,,Genova Delicatessen,2024-08-31,exif,15.95,1
chicken drumettes,,Genova Delicatessen,2026-08-05,fallback,15.95,1
chicken fettuccini alfredo,,The Depot Eatery,2026-08-05,web,18.0,1
chicken fried steak,,The Depot Eatery,2026-08-05,web,19.0,1
chicken house salad,,Gott's Napa,2012-06-17,wayback,10.99,2
chicken kale,,Perez Kitchen & Bar,2026-08-05,pdf,19.0,1
chicken kale caesar,,Gott's Napa,2017-07-22,wayback,11.99,1
chicken kale caesar,,Gott's Napa,2021-01-17,wayback,12.99,1
chicken mcnuggets,10 pc,McDonald's,2022-04-16,exif,8.19,1
chicken nuggets,,Barney's Burgers,2026-08-05,web,5.25,1
chicken ortega on sourdough,,Barney's Burgers,2026-08-05,web,9.0,1
chicken patty,,Barney's Burgers,2024-01-15,dom,8.99,1
chicken philly,,Barney's Burgers,2026-08-05,web,9.95,1
chicken queso,,Barney's Burgers,2024-01-15,dom,8.99,1
chicken salad,,Genova Delicatessen,2026-08-05,fallback,12.95,1
chicken salad sandwich,,Farmstead at Long Meadow Ranch,2021-05-06,wayback,25.0,1
chicken salad sandwich,,Farmstead at Long Meadow Ranch,2021-08-02,wayback,25.0,1
chicken salad sandwich,,The Depot Eatery,2026-08-05,web,18.0,1
chicken salad w cheese,,Genova Delicatessen,2026-08-05,fallback,13.95,1
chicken sandwich,,The Depot Eatery,2026-08-05,web,18.0,1
chicken schnitzel,,Gott's Napa,2021-01-17,wayback,13.99,1
chicken strips,,Barney's Burgers,2024-01-15,dom,9.29,1
chicken strips,,Barney's Burgers,2026-08-05,web,9.5,1
chicken strips basket,,The Depot Eatery,2026-08-05,web,16.0,1
chicken tenders,,Gott's Napa,2011-03-22,wayback,5.99,2
chicken tenders,,Gott's Napa,2012-05-15,wayback,5.99,2
chicken tenders,,Gott's Napa,2012-06-17,wayback,6.99,2
chicken tenders,,Gott's Napa,2014-08-11,wayback,7.49,4
chicken tenders,,Gott's Napa,2014-10-29,wayback,7.49,2
chicken tenders,,Gott's Napa,2014-12-22,wayback,7.99,3
chicken tenders,,Gott's Napa,2015-02-06,wayback,7.99,3
chicken tenders,,Gott's Napa,2015-02-13,wayback,6.99,1
chicken tenders,,Gott's Napa,2015-05-13,wayback,7.99,2
chicken tenders,,Gott's Napa,2015-07-24,wayback,7.99,1
chicken tenders,,Gott's Napa,2015-11-23,wayback,7.99,1
chicken tenders,,Gott's Napa,2017-07-22,wayback,8.49,2
chicken tenders,,Gott's Napa,2021-01-17,wayback,8.49,2
chicken tenders,3,Gott's Napa,2015-02-06,wayback,6.99,1
chicken wings,,Perez Kitchen & Bar,2026-08-05,pdf,12.0,1
chili,Large,Barney's Burgers,2026-08-05,web,6.5,1
chili,Small,Barney's Burgers,2026-08-05,web,5.0,1
chili,Bowl,Gott's Napa,2011-03-22,wayback,7.99,2
chili,Bowl,Gott's Napa,2012-05-15,wayback,7.99,2
chili,Bowl,Gott's Napa,2012-06-17,wayback,7.99,2
chili,Bowl,Gott's Napa,2014-08-11,wayback,7.99,2
chili,Bowl,Gott's Napa,2014-10-29,wayback,7.99,1
chili,Bowl,Gott's Napa,2014-12-22,wayback,7.99,2
chili,Bowl,Gott's Napa,2015-02-06,wayback,7.99,2
chili,Bowl,Gott's Napa,2015-05-13,wayback,7.99,2
chili,Bowl,Gott's Napa,2015-07-24,wayback,7.99,1
chili,Bowl,Gott's Napa,2015-11-23,wayback,7.99,1
chili,Bowl,Gott's Napa,2017-07-22,wayback,7.99,1
chili,Bowl,Gott's Napa,2021-01-17,wayback,8.99,1
chili,Cup,Gott's Napa,2011-03-22,wayback,4.49,2
chili,Cup,Gott's Napa,2012-05-15,wayback,4.49,2
chili,Cup,Gott's Napa,2012-06-17,wayback,4.49,2
chili,Cup,Gott's Napa,2014-08-11,wayback,4.99,2
chili,Cup,Gott's Napa,2014-10-29,wayback,4.49,1
chili,Cup,Gott's Napa,2014-12-22,wayback,4.99,2
chili,Cup,Gott's Napa,2015-02-06,wayback,4.99,2
chili,Cup,Gott's Napa,2015-05-13,wayback,4.99,2
chili,Cup,Gott's Napa,2015-07-24,wayback,4.99,1
chili,Cup,Gott's Napa,2015-11-23,wayback,4.99,1
chili,Cup,Gott's Napa,2017-07-22,wayback,5.99,1
chili,Cup,Gott's Napa,2021-01-17,wayback,5.99,1
chili burger,,Barney's Burgers,2024-01-15,dom,10.99,1
chili burger,,Barney's Burgers,2026-08-05,web,9.45,1
chili cheese dog,,Gott's Napa,2011-03-22,wayback,7.99,2
chili cheese dog,,Gott's Napa,2021-01-17,wayback,10.99,1
chili cheese fries,Large,Barney's Burgers,2026-08-05,web,8.95,1
chili cheese fries,Small,Barney's Burgers,2026-08-05,web,5.95,1
chili cheese fries,,Gott's Napa,2011-03-22,wayback,4.99,2
chili cheese fries,,Gott's Napa,2012-05-15,wayback,4.99,2
chili cheese fries,,Gott's Napa,2012-06-17,wayback,4.99,2
chili cheese fries,,Gott's Napa,2014-08-11,wayback,5.99,2
chili cheese fries,,Gott's Napa,2014-10-29,wayback,5.89,1
chili cheese fries,,Gott's Napa,2014-12-22,wayback,5.99,2
chili cheese fries,,Gott's Napa,2015-02-06,wayback,5.99,2
chili cheese fries,,Gott's Napa,2015-05-13,wayback,5.99,2
chili cheese fries,,Gott's Napa,2015-07-24,wayback,5.99,1
chili cheese fries,,Gott's Napa,2015-11-23,wayback,5.99,1
chili cheese fries,,Gott's Napa,2017-07-22,wayback,5.99,1
chili cheese fries,,Gott's Napa,2021-01-17,wayback,6.99,1
chili cheese fries,,The Depot Eatery,2026-08-05,web,10.0,1
chili cup,Large,Barney's Burgers,2024-01-15,dom,5.99,1
chili cup,Small,Barney's Burgers,2024-01-15,dom,4.49,1
chili dog,,Barney's Burgers,2026-08-05,web,9.95,1
chili dog,Jumbo,Barney's Burgers,2026-08-05,web,13.75,1
chili size,,The Depot Eatery,2026-08-05,web,19.0,1
chimay red label belgium,,Angele Restaurant & Bar,2015-03-05,wayback,5.0,1
chimney rock elevage sauvignon blanc,,Bistro Don Giovanni,2020-09-21,wayback,72.0,1
chinaco a ejo,,Angele Restaurant & Bar,2014-09-20,wayback,16.0,1
chinese chicken,,Gott's Napa,2017-07-22,wayback,11.99,1
chinese chicken salad,,Gott's Napa,2011-03-22,wayback,9.99,2
chinese chicken salad,,Gott's Napa,2012-05-15,wayback,10.99,2
chinese chicken salad,,Gott's Napa,2012-06-17,wayback,10.99,2
chinese chicken salad,,Gott's Napa,2014-08-11,wayback,10.99,2
chinese chicken salad,,Gott's Napa,2014-10-29,wayback,10.99,1
chinese chicken salad,,Gott's Napa,2014-12-22,wayback,10.99,2
chinese chicken salad,,Gott's Napa,2015-02-06,wayback,10.99,2
chinese chicken salad,,Gott's Napa,2015-05-13,wayback,10.99,2
chinese chicken salad,,Gott's Napa,2015-07-24,wayback,10.99,1
chinese chicken salad,,Gott's Napa,2015-11-23,wayback,10.99,1
chips hummus,,Perez Kitchen & Bar,2026-08-05,pdf,9.0,1
chocolate,,Five Guys,2023-11-27,exif,0.4,1
chocolate shake,12oz,Gott's Napa,2014-08-11,wayback,5.99,1
chocolate shake,16oz,Gott's Napa,2014-08-11,wayback,6.99,1
chocolate syrup extra,,Gott's Napa,2012-05-15,wayback,1.25,1
chorizo,,Taqueria El Charro Viejo,2022-12-07,exif,8.5,1
chorizo breakfast burrito,,Cartwright's Taprock Northwest Grill,2023-06-10,wayback,15.0,1
chorizo breakfast burrito,,The Depot Eatery,2026-08-05,web,18.0,1
choux de bruxelles,,Angele Restaurant & Bar,2012-04-09,wayback,6.0,1
choux de bruxelles,,Angele Restaurant & Bar,2013-04-18,wayback,8.0,1
choux de bruxelles,,Angele Restaurant & Bar,2013-06-27,wayback,8.0,1
ci ci merlettaie pecorino,,Bistro Don Giovanni,2020-09-21,wayback,42.0,1
cinnamon roll,,The Depot Eatery,2026-08-05,web,8.0,1
cinzano,,Bistro Don Giovanni,2017-01-10,wayback,6.5,1
cinzano dry bianco,,Bistro Don Giovanni,2020-09-21,wayback,9.0,1
cinzano dry bianco sweet bianco sweet rosso,,Bistro Don Giovanni,2019-09-19,wayback,8.0,1
cinzano dry bianco sweet bianco sweet rosso,,Bistro Don Giovanni,2020-03-27,wayback,8.0,1
cinzano dry bianco sweet bianco sweet rosso,,Bistro Don Giovanni,2020-09-21,wayback,9.0,1
cinzano dry bianco sweet bianco sweet rosso,,Bistro Don Giovanni,2021-01-27,wayback,9.0,1
cinzano sweet bianco,,Bistro Don Giovanni,2020-09-21,wayback,9.0,1
cinzano sweet rosso,,Bistro Don Giovanni,2020-09-21,wayback,9.0,1
citrus avocado chop,,Gott's Napa,2017-07-22,wayback,12.99,1
citrus avocado chop,,Gott's Napa,2021-01-17,wayback,12.99,1
clam chowder bread bowl,,The Depot Eatery,2026-08-05,web,12.0,1
classic,,Farmstead at Long Meadow Ranch,2021-05-11,wayback,55.0,1
classic,,Farmstead at Long Meadow Ranch,2021-08-02,wayback,55.0,1
classic,,Farmstead at Long Meadow Ranch,2024-06-09,wayback,55.0,1
classic,,Gott's Napa,2013-02-28,wayback,2000.0,1
classic,,Gott's Napa,2013-04-02,wayback,4.99,1
classic bar,,Farmstead at Long Meadow Ranch,2021-05-11,wayback,12.0,1
classic bar,,Farmstead at Long Meadow Ranch,2021-08-02,wayback,12.0,1
classic bar,,Farmstead at Long Meadow Ranch,2024-06-09,wayback,12.0,1
classic buttermilk pancakes,,Cartwright's Taprock Northwest Grill,2014-08-01,wayback,4.99,1
classic french onion soup,,Angele Restaurant & Bar,2015-02-25,wayback,12.0,1
classic french onion soup,,Angele Restaurant & Bar,2015-03-05,wayback,12.0,1
classic french onion soup,,Angele Restaurant & Bar,2016-04-12,wayback,12.0,1
classic french toast,,Cartwright's Taprock Northwest Grill,2014-08-01,wayback,10.49,1
classic grilled cheese,,Gott's Napa,2011-03-22,wayback,3.99,2
classic grilled cheese,,Gott's Napa,2012-05-15,wayback,3.99,2
classic mimosa,,Farmstead at Long Meadow Ranch,2026-06-15,pdf,16.0,1
classic seafood,,Gott's Napa,2013-02-28,wayback,2250.0,1
classic smashed jack burger,,Jack in the Box,2025-08-11,exif,7.99,1
classic smashed jack combo,,Jack in the Box,2025-08-11,exif,10.99,1
classic steak tartare,,Angele Restaurant & Bar,2017-08-29,wayback,16.0,1
classic tuna melt,,Gott's Napa,2011-03-22,wayback,9.49,2
classic tuna melt,,Gott's Napa,2012-05-15,wayback,9.49,2
classic tuna melt,,Gott's Napa,2012-06-17,wayback,9.49,2
classico americano,,Angele Restaurant & Bar,2015-03-05,wayback,12.0,1
clausthaler,,Bistro Don Giovanni,2017-01-10,wayback,4.0,1
clear conscience,,Angele Restaurant & Bar,2014-09-20,wayback,12.0,1
clear conscience,,Angele Restaurant & Bar,2015-03-05,wayback,12.0,1
clear creek pear brandy,,Angele Restaurant & Bar,2014-09-20,wayback,10.0,1
cliff lede,,Bistro Don Giovanni,2020-09-21,wayback,45.0,1
clos de l oratoire des papes ch teauneuf du pape,Half Bottle,Bistro Don Giovanni,2020-09-21,wayback,68.0,1
cloud cream cold foam,12oz,Burgerville,2026-04-26,exif,5.49,1
cloud cream cold foam,16oz,Burgerville,2026-04-26,exif,5.99,1
cloud cream cold foam,20oz,Burgerville,2026-04-26,exif,6.49,1
club steak,,Code 4 Taphouse,2025-11-15,exif,17.95,1
cluck meal,,Jack in the Box,2025-08-11,exif,12.0,1
cobb,,Gott's Napa,2017-07-22,wayback,12.99,1
cobb,,Gott's Napa,2021-01-17,wayback,14.99,1
cobb jack hill vineyard,,Bistro Don Giovanni,2020-09-21,wayback,126.0,1
cobb salad,,Barney's Burgers,2024-01-15,dom,10.99,1
cobb salad,,Barney's Burgers,2026-08-05,web,14.5,1
cobb salad,,Gott's Napa,2014-08-11,wayback,11.99,2
cobb salad,,Gott's Napa,2014-10-29,wayback,11.99,1
cobb salad,,Gott's Napa,2014-12-22,wayback,12.99,2
cobb salad,,Gott's Napa,2015-02-06,wayback,12.99,2
cobb salad,,Gott's Napa,2015-05-13,wayback,12.99,2
cobb salad,,Gott's Napa,2015-07-24,wayback,12.99,1
cobb salad,,Gott's Napa,2015-11-23,wayback,12.99,1
code 4 breakfast,,Code 4 Taphouse,2025-11-15,exif,4.95,2
cody s pork belly hash,,Cartwright's Taprock Northwest Grill,2023-06-10,wayback,18.0,1
coeur de lion calvados,,Angele Restaurant & Bar,2014-09-20,wayback,24.0,1
coffee,,Cartwright's Taprock Northwest Grill,2014-08-01,wayback,2.49,1
coffee,,Gott's Napa,2013-02-28,wayback,3.0,2
coffee,,Gott's Napa,2013-04-02,wayback,1.88,2
coffee,,In-N-Out Burger,2026-06-25,exif,1.65,4
coffee,,In-N-Out Burger,2025-02-25,exif,1.35,1
coffee,,In-N-Out Burger,2026-06-11,exif,1.65,1
coffee shake,12oz,Gott's Napa,2014-08-11,wayback,5.99,1
coffee shake,16oz,Gott's Napa,2014-08-11,wayback,6.99,1
coke diet coke 7up ginger ale,,Farmstead at Long Meadow Ranch,2021-05-11,wayback,3.0,1
coke diet coke 7up ginger ale,,Farmstead at Long Meadow Ranch,2021-08-02,wayback,3.0,1
coke diet coke 7up ginger ale,,Farmstead at Long Meadow Ranch,2024-06-09,wayback,3.0,1
coke float,,Gott's Napa,2014-08-11,wayback,4.99,2
coke float,,Gott's Napa,2014-12-22,wayback,4.99,2
coke float,,Gott's Napa,2021-01-17,wayback,4.99,1
coleslaw,,Farmstead at Long Meadow Ranch,2026-06-15,pdf,7.0,1
combo 1,,In-N-Out Burger,2026-06-25,exif,10.5,1
combo 2,,In-N-Out Burger,2026-06-25,exif,8.7,1
cone,,McDonald's,2022-04-16,exif,1.99,1
cookies cream shake,12oz,Gott's Napa,2014-08-11,wayback,5.99,1
cookies cream shake,12oz,Gott's Napa,2021-01-17,wayback,6.99,1
cookies cream shake,16oz,Gott's Napa,2014-08-11,wayback,6.99,1
cookies cream shake,16oz,Gott's Napa,2021-01-17,wayback,7.99,1
coors light,,Farmstead at Long Meadow Ranch,2021-05-11,wayback,5.0,1
coors light,,Farmstead at Long Meadow Ranch,2021-08-02,wayback,5.0,1
coors light,,Farmstead at Long Meadow Ranch,2024-06-09,wayback,5.0,1
coppa,,Genova Delicatessen,2026-08-05,fallback,14.95,1
cora pinot grigio,,Bistro Don Giovanni,2020-09-21,wayback,36.0,1
corianna,,Perez Kitchen & Bar,2026-08-05,pdf,20.0,1
corn dog,,Barney's Burgers,2024-01-15,dom,2.99,1
corn dog,,Barney's Burgers,2026-08-05,web,3.0,1
corn dog,Jumbo,Barney's Burgers,2025-08-18,exif,3.99,1
corn dog,Reg,Barney's Burgers,2025-08-18,exif,2.99,1
corn pancakes,,Code 4 Taphouse,2025-11-15,exif,6.95,2
corned beef,,Genova Delicatessen,2026-08-05,fallback,12.95,1
corned beef hash,,Boon Fly Café,2026-07-04,exif,23.0,1
corned beef hash,,The Depot Eatery,2026-08-05,web,16.0,1
corona,,Gott's Napa,2011-03-22,wayback,4.5,2
corona,,Gott's Napa,2012-05-15,wayback,4.5,2
corona,,Gott's Napa,2012-06-17,wayback,4.5,2
corona,,Gott's Napa,2014-12-22,wayback,4.5,1
corona,,Gott's Napa,2015-02-13,wayback,4.5,1
corona,,Gott's Napa,2015-05-13,wayback,4.5,1
corona,,Gott's Napa,2015-07-24,wayback,4.5,1
corona,,Gott's Napa,2017-07-22,wayback,4.5,1
corona,,Gott's Napa,2021-01-17,wayback,5.0,1
corona,12oz,Gott's Napa,2014-08-11,wayback,4.5,2
corona,12oz,Gott's Napa,2014-10-29,wayback,4.5,1
corona,12oz,Gott's Napa,2015-02-06,wayback,4.5,2
corona,12oz,Gott's Napa,2015-05-13,wayback,4.5,1
corona,12oz,Gott's Napa,2015-11-23,wayback,4.5,1
corona,Bottled (12oz),Gott's Napa,2014-12-22,wayback,4.5,1
corona lager mexico,,Angele Restaurant & Bar,2015-03-05,wayback,5.0,1
corpse reviver,,Bistro Don Giovanni,2017-01-10,wayback,14.0,1
country fried steak,,The Depot Eatery,2026-08-05,web,17.0,1
country ham 3 eggs,,Code 4 Taphouse,2025-11-15,exif,19.95,2
country pat en croute pickled beans mustard vinaigrette,,Angele Restaurant & Bar,2015-11-06,wayback,16.0,1
country pat en croute pickled beans mustard vinaigrette,,Angele Restaurant & Bar,2016-04-12,wayback,16.0,1
country pat en croute pickled beans mustard vinaigrette,,Angele Restaurant & Bar,2016-05-08,wayback,16.0,1
cowboy fries,,The Depot Eatery,2026-08-05,web,9.0,1
cowboy fries w chipotle holly sauce bacon cheese,,The Depot Eatery,2026-08-05,web,10.0,1
cr me brul e cinnamon spice cr me brul e,,Angele Restaurant & Bar,2014-09-20,wayback,10.0,1
crab cake,,The Depot Eatery,2026-08-05,web,18.0,1
crab cake w spicy aioli,,The Depot Eatery,2026-08-05,web,11.0,2
crab salad,,Genova Delicatessen,2026-08-05,fallback,12.95,1
crab salad w cheese,,Genova Delicatessen,2026-08-05,fallback,13.95,1
craggy range 14 sauvignon blanc new zealand,,Gott's Napa,2015-11-23,wayback,9.0,1
craggy range 14 sauvignon blanc new zealand,Bottle,Gott's Napa,2015-11-23,wayback,27.0,1
creamy grits,,Farmstead at Long Meadow Ranch,2026-06-15,pdf,10.0,1
crispy chicken,,Gott's Napa,2014-08-11,wayback,10.99,2
crispy chicken,,Gott's Napa,2014-10-29,wayback,10.99,1
crispy chicken caeser,,Barney's Burgers,2024-01-15,dom,10.99,1
crispy chicken po boy,,Gott's Napa,2014-12-22,wayback,7.99,2
crispy chicken po boy,,Gott's Napa,2015-02-06,wayback,7.99,2
crispy chicken salad,,Barney's Burgers,2026-08-05,web,14.5,1
crispy chicken sandwich,,McDonald's,2022-04-16,exif,8.49,3
crispy herb fried potatoes,,Farmstead at Long Meadow Ranch,2026-06-15,pdf,8.0,1
crispy jalape o chicken,,Gott's Napa,2014-12-22,wayback,10.99,2
crispy jalape o chicken,,Gott's Napa,2015-02-06,wayback,10.99,2
crispy jalape o chicken,,Gott's Napa,2015-05-13,wayback,10.99,2
crispy jalape o chicken,,Gott's Napa,2015-07-24,wayback,10.99,1
crispy potatoes,,Farmstead at Long Meadow Ranch,2025-10-15,pdf,8.0,1
crispy potatoes with housemade ketchup,,Farmstead at Long Meadow Ranch,2021-05-11,wayback,7.0,1
crispy potatoes with housemade ketchup,,Farmstead at Long Meadow Ranch,2021-07-28,wayback,7.0,1
crispy potatoes with housemade ketchup,,Farmstead at Long Meadow Ranch,2021-08-02,wayback,7.0,1
crispy scramble burrito with sausage or bacon,,Burgerville,2026-04-26,exif,5.99,2
crispy skinned salmon winter greens and farro salad heirloom pears gribiche banyuls vinaigrette,,Angele Restaurant & Bar,2015-02-25,wayback,26.0,1
crispy skinned salmon winter greens and farro salad heirloom pears gribiche banyuls vinaigrette,,Angele Restaurant & Bar,2015-03-05,wayback,26.0,1
crispy suckling pig little gem lettuce sunny side up egg charred red onions toasted potato bun,,Angele Restaurant & Bar,2015-02-25,wayback,16.0,1
crispy suckling pig little gem lettuce sunny side up egg charred red onions toasted potato bun,,Angele Restaurant & Bar,2015-03-05,wayback,16.0,1
crispy teriyaki chicken,,Gott's Napa,2015-11-23,wayback,10.99,1
crispy teriyaki chicken,,Gott's Napa,2017-07-22,wayback,11.99,1
crispy teriyaki chicken,,Gott's Napa,2021-01-17,wayback,12.99,1
crispy veal sweetbreads,,Angele Restaurant & Bar,2017-08-29,wayback,19.0,1
crocker starr,,Bistro Don Giovanni,2020-09-21,wayback,48.0,1
croissant sandwich,,The Depot Eatery,2026-08-05,web,16.0,1
croissants,,Genova Delicatessen,2026-08-05,fallback,2.0,1
croque monsieur,,Angele Restaurant & Bar,2013-04-18,wayback,14.0,1
croque monsieur,,Angele Restaurant & Bar,2013-06-27,wayback,14.0,1
croque monsieur,,Angele Restaurant & Bar,2015-02-21,wayback,15.0,1
croque monsieur madame with egg,,Angele Restaurant & Bar,2015-02-21,wayback,16.0,1
croque monsieur parisian ham melted gruyere toasted levain bechamel sauce,,Angele Restaurant & Bar,2016-04-12,wayback,16.0,1
croque monsieur parisian ham melted gruyere toasted levain bechamel sauce,,Angele Restaurant & Bar,2016-05-08,wayback,17.0,1
croque monsieur parisian ham melted gruyere toasted levain bechamel sauce,Madame,Angele Restaurant & Bar,2016-04-12,wayback,17.0,1
crostini three,,Perez Kitchen & Bar,2026-08-05,pdf,12.0,1
crunch breakfast biscuit with sausage or bacon,,Burgerville,2026-04-26,exif,5.89,2
cuban sandwich,,The Depot Eatery,2026-08-05,web,19.0,1
culatello,,Bistro Don Giovanni,2017-01-10,wayback,20.0,1
d antiche terre il cavaliere fiano di avellino,,Bistro Don Giovanni,2020-09-21,wayback,42.0,1
daddy s blueplate,,Barney's Burgers,2024-01-15,dom,11.99,1
daily s peppered bacon,,Cartwright's Taprock Northwest Grill,2014-08-01,wayback,6.64,2
daily soup special,Bowl,Gott's Napa,2011-03-22,wayback,5.99,2
daily soup special,Bowl,Gott's Napa,2012-05-15,wayback,5.99,2
daily soup special,Cup,Gott's Napa,2011-03-22,wayback,3.49,2
daily soup special,Cup,Gott's Napa,2012-05-15,wayback,3.49,2
dalwhinnie 15 yr,,Angele Restaurant & Bar,2014-09-20,wayback,12.0,1
damilano marghe nebbiolo,,Bistro Don Giovanni,2020-03-27,wayback,15.0,1
damilano marghe nebbiolo,,Bistro Don Giovanni,2020-09-21,wayback,16.0,2
damilano marghe nebbiolo langhe piemonte italy,,Bistro Don Giovanni,2019-09-19,wayback,15.0,1
damilano marghe nebbiolo langhe piemonte italy,,Bistro Don Giovanni,2020-09-21,wayback,16.0,1
darioush,,Bistro Don Giovanni,2020-09-21,wayback,120.0,1
darioush cabernet sauvignon,Half Bottle,Bistro Don Giovanni,2020-09-21,wayback,118.0,1
darioush viognier,,Bistro Don Giovanni,2020-09-21,wayback,104.0,1
darling azaya vineyard,,Bistro Don Giovanni,2020-09-21,wayback,78.0,1
daron calvados 5yr brandy,,Farmstead at Long Meadow Ranch,2021-08-02,wayback,5.0,1
dasani water,16.9 fl oz,Five Guys,2023-11-27,exif,2.7,1
del dotto cinghiale vineyard,,Bistro Don Giovanni,2020-09-21,wayback,154.0,1
depot burger,,The Depot Eatery,2026-08-05,web,14.0,1
depot classic omlet,,The Depot Eatery,2026-08-05,web,19.0,1
deschutes black butte porter,,Gott's Napa,2011-03-22,wayback,4.5,2
deschutes black butte porter,,Gott's Napa,2012-05-15,wayback,4.5,2
deschutes black butte porter,,Gott's Napa,2012-06-17,wayback,4.5,2
deviled eggs,,Farmstead at Long Meadow Ranch,2026-06-15,pdf,13.0,1
diane lane,,Angele Restaurant & Bar,2014-09-20,wayback,12.0,1
diane lane,,Angele Restaurant & Bar,2015-03-05,wayback,12.0,1
dogfish head 90 minute ipa,,Gott's Napa,2015-05-13,wayback,7.5,2
dogfish head 90 minute ipa,,Gott's Napa,2015-07-24,wayback,7.5,1
dogfish head 90 minute ipa,,Gott's Napa,2017-07-22,wayback,8.0,1
dogfish head 90 minute ipa,,Gott's Napa,2021-01-17,wayback,8.5,1
dogfish head 90 minute ipa,16oz,Gott's Napa,2014-12-22,wayback,6.0,1
dogfish head 90 minute ipa,16oz,Gott's Napa,2015-11-23,wayback,7.5,1
dogfish head 90 minute ipa,Draft,Gott's Napa,2015-02-06,wayback,6.0,1
dogfish head 90 minute ipa,Draft (16oz),Gott's Napa,2014-12-22,wayback,6.0,1
dolce late harvest 07,,Angele Restaurant & Bar,2014-09-20,wayback,20.0,1
dom p rignon,,Bistro Don Giovanni,2020-09-21,wayback,375.0,1
domain barat chablis,,Bistro Don Giovanni,2020-09-21,wayback,18.0,2
domain leflaive m con verz,,Bistro Don Giovanni,2020-09-21,wayback,104.0,1
domain leflaive puligny montrachet premier cru clavoillon,,Bistro Don Giovanni,2020-09-21,wayback,420.0,1
domaine barat chablis burgundy france,,Bistro Don Giovanni,2020-09-21,wayback,18.0,1
domaine barat chablis premier cru vaillons france,,Bistro Don Giovanni,2019-09-19,wayback,16.0,1
domaine carneros brut by taittinger,,Bistro Don Giovanni,2017-01-10,wayback,13.0,1
domaine carneros brut by taittinger,,Bistro Don Giovanni,2019-09-19,wayback,15.0,1
domaine carneros brut by taittinger,,Bistro Don Giovanni,2020-03-27,wayback,15.0,1
domaine carneros brut by taittinger,,Bistro Don Giovanni,2020-09-21,wayback,17.0,4
domaine carneros brut by taittinger,,Bistro Don Giovanni,2022-01-20,wayback,17.0,1
domaine carneros brut by taittinger,,Bistro Don Giovanni,2022-05-27,wayback,17.0,1
domaine de l alliance sauternes 09,,Angele Restaurant & Bar,2014-09-20,wayback,16.0,1
domaine de la roman e conti echezeaux,,Bistro Don Giovanni,2020-09-21,wayback,3700.0,3
domaine de terrebrune bandol ros,375 ml.,Bistro Don Giovanni,2020-09-21,wayback,37.0,1
domaine de terrebrune bandol ros,Half Bottle,Bistro Don Giovanni,2020-09-21,wayback,38.0,1
domaine ott by ott ros,,Bistro Don Giovanni,2017-01-10,wayback,14.0,1
domaine ott by ott ros,,Bistro Don Giovanni,2020-03-27,wayback,14.0,1
domaine ott by ott ros,,Bistro Don Giovanni,2020-09-21,wayback,15.0,3
domaine ott by ott ros,,Bistro Don Giovanni,2021-01-27,wayback,15.0,1
domaine ott by ott ros,,Bistro Don Giovanni,2022-05-27,wayback,15.0,1
domaine ott by ott ros,,Bistro Don Giovanni,2023-12-05,wayback,16.0,2
domaine ott by ott ros c tes de provence france,,Bistro Don Giovanni,2019-09-19,wayback,14.0,1
domaine ott by ott ros c tes de provence france,,Bistro Don Giovanni,2020-09-21,wayback,15.0,1
domaine ott by ott ros c tes de provence france,,Bistro Don Giovanni,2022-01-20,wayback,15.0,1
domaine ott by ott ros c tes de provence france,,Bistro Don Giovanni,2023-04-01,wayback,15.0,1
domaine tempier bandol ros,,Bistro Don Giovanni,2020-09-21,wayback,96.0,1
domaine william f vre chablis,Half Bottle,Bistro Don Giovanni,2020-09-21,wayback,52.0,1
domestic prosciutto,,Genova Delicatessen,2026-08-05,fallback,14.95,1
don manhattan,,Bistro Don Giovanni,2019-09-19,wayback,13.0,1
don manhattan,,Bistro Don Giovanni,2020-03-27,wayback,13.0,1
don manhattan,,Bistro Don Giovanni,2020-09-21,wayback,14.0,2
don manhattan,,Bistro Don Giovanni,2021-01-27,wayback,14.0,1
don manhattan,,Bistro Don Giovanni,2022-01-20,wayback,14.0,1
don manhattan,,Bistro Don Giovanni,2022-05-27,wayback,15.0,1
don manhattan,,Bistro Don Giovanni,2023-04-01,wayback,15.0,1
don manhattan,,Bistro Don Giovanni,2023-12-05,wayback,15.0,2
dona paula 10 malbec,,Gott's Napa,2013-02-28,wayback,21.0,2
dona paula 10 malbec,Bottle,Gott's Napa,2012-06-17,wayback,21.0,2
dona paula 10 malbec,Glass,Gott's Napa,2012-06-17,wayback,7.0,2
donnafugata anthilia cataratto,,Bistro Don Giovanni,2020-09-21,wayback,32.0,1
donnafugata ben ry,,Bistro Don Giovanni,2023-12-05,wayback,16.0,1
donnafugata ben ry zibibbo sicilia,,Bistro Don Giovanni,2022-01-20,wayback,16.0,1
donnafugata ben ry zibibbo sicilia,,Bistro Don Giovanni,2022-05-27,wayback,16.0,1
donnafugata ben ry zibibbo sicilia,,Bistro Don Giovanni,2023-04-01,wayback,16.0,1
donnafugata ben ry zibibbo sicilia,,Bistro Don Giovanni,2023-12-05,wayback,16.0,1
double,,Barney's Burgers,2024-01-15,dom,9.99,1
double,,Barney's Burgers,2026-08-05,web,9.2,1
double bacon cheddar,,Barney's Burgers,2026-08-05,web,11.45,1
double cheeseburger,,Gott's Napa,2011-03-22,wayback,10.99,2
double cheeseburger,,Gott's Napa,2012-05-15,wayback,10.99,2
double cheeseburger,,Gott's Napa,2012-06-17,wayback,10.99,2
double cheeseburger,,Gott's Napa,2014-08-11,wayback,10.99,2
double cheeseburger,,Gott's Napa,2014-10-29,wayback,10.99,1
double cheeseburger,,Gott's Napa,2014-12-22,wayback,10.99,2
double cheeseburger,,Gott's Napa,2015-02-06,wayback,10.99,2
double cheeseburger,,Gott's Napa,2015-05-13,wayback,10.99,2
double cheeseburger,,Gott's Napa,2015-07-24,wayback,10.99,1
double cheeseburger,,Gott's Napa,2015-11-23,wayback,10.99,1
double cheeseburger,,Gott's Napa,2017-07-22,wayback,11.49,1
double cheeseburger,,Gott's Napa,2021-01-17,wayback,13.99,1
double cheeseburger,,McDonald's,2022-04-16,exif,3.69,1
double double,,In-N-Out Burger,2026-06-25,exif,5.9,4
double double,,In-N-Out Burger,2025-02-25,exif,5.65,1
double double,,In-N-Out Burger,2026-06-11,exif,5.9,1
double double french fries and medium drink,,In-N-Out Burger,2026-06-25,exif,9.6,6
double double french fries and medium drink,Medium Drink,In-N-Out Burger,2025-02-25,exif,8.35,3
double double french fries and medium drink,,In-N-Out Burger,2026-06-11,exif,8.7,3
double jack burger,,Jack in the Box,2025-08-11,exif,7.99,1
double jack combo,,Jack in the Box,2025-08-11,exif,12.29,1
double jack meal,,Jack in the Box,2025-08-11,exif,12.0,1
double quarter pounder with cheese,,McDonald's,2022-04-16,exif,10.49,1
double with cheese,,Barney's Burgers,2026-08-05,web,9.9,1
dr loosen riesling,Half Bottle,Gott's Napa,2014-10-29,wayback,17.0,1
draft beer,,Gott's Napa,2015-02-06,wayback,6.0,1
draft beer,,Gott's Napa,2015-02-13,wayback,5.5,1
draft beer,16oz,Gott's Napa,2014-10-29,wayback,5.5,1
drafts,,Gott's Napa,2012-06-17,wayback,5.5,2
drake s 1500 pale ale,,Gott's Napa,2014-12-22,wayback,4.5,1
drake s 1500 pale ale,,Gott's Napa,2015-02-13,wayback,4.5,1
drake s 1500 pale ale,,Gott's Napa,2015-05-13,wayback,4.5,1
drake s 1500 pale ale,,Gott's Napa,2015-07-24,wayback,5.0,1
drake s 1500 pale ale,12oz,Gott's Napa,2014-08-11,wayback,4.5,2
drake s 1500 pale ale,12oz,Gott's Napa,2014-10-29,wayback,4.5,1
drake s 1500 pale ale,12oz,Gott's Napa,2015-02-06,wayback,4.5,2
drake s 1500 pale ale,12oz,Gott's Napa,2015-05-13,wayback,4.5,1
drake s 1500 pale ale,16oz,Gott's Napa,2015-11-23,wayback,6.5,1
drake s 1500 pale ale,Bottled (12oz),Gott's Napa,2014-12-22,wayback,4.5,1
drake s pilsner,,Bistro Don Giovanni,2019-09-19,wayback,6.0,1
drinks,Large,Barney's Burgers,2024-01-15,dom,2.99,1
drinks,Large,Barney's Burgers,2025-08-18,exif,2.99,1
drinks,Medium,Barney's Burgers,2024-01-15,dom,2.79,1
drinks,Medium,Barney's Burgers,2025-08-18,exif,2.79,1
drinks,Small,Barney's Burgers,2024-01-15,dom,1.99,1
drinks,Small,Barney's Burgers,2025-08-18,exif,1.99,1
dubonnet rouge,,Angele Restaurant & Bar,2015-03-05,wayback,10.0,1
duck confit,,Angele Restaurant & Bar,2017-08-29,wayback,30.0,1
duck liver mousse cr me fra che gel e fruit compote country toast,,Angele Restaurant & Bar,2015-02-25,wayback,14.0,1
duck liver mousse cr me fra che gel e fruit compote country toast,,Angele Restaurant & Bar,2015-03-05,wayback,14.0,1
duckhorn,,Bistro Don Giovanni,2020-09-21,wayback,82.0,2
duckhorn 13 sauvignon blanc,,Gott's Napa,2012-06-17,wayback,17.0,1
duckhorn 13 sauvignon blanc,,Gott's Napa,2014-12-22,wayback,17.0,1
duckhorn 13 sauvignon blanc,Half Bottle,Gott's Napa,2011-03-22,wayback,17.0,1
duckhorn 13 sauvignon blanc,Half Bottle,Gott's Napa,2014-08-11,wayback,17.0,1
duckhorn 13 sauvignon blanc,Half Bottle,Gott's Napa,2014-10-29,wayback,17.0,1
duckhorn 13 sauvignon blanc,Half Bottle,Gott's Napa,2015-02-06,wayback,17.0,1
duckhorn 13 sauvignon blanc,Half Bottle,Gott's Napa,2015-02-13,wayback,17.0,1
duckhorn 13 sauvignon blanc,Half Bottle,Gott's Napa,2017-07-22,wayback,19.0,1
duckhorn 13 sauvignon blanc,Half Bottle,Gott's Napa,2021-01-17,wayback,23.0,1
duckhorn 13 sauvignon blanc,Half bottle,Gott's Napa,2014-08-11,wayback,17.0,1
duckhorn 13 sauvignon blanc napa valley,,Gott's Napa,2012-05-15,wayback,17.0,2
duckhorn 13 sauvignon blanc napa valley,,Gott's Napa,2012-06-17,wayback,17.0,1
duckhorn 13 sauvignon blanc napa valley,,Gott's Napa,2014-12-22,wayback,17.0,1
duckhorn 13 sauvignon blanc napa valley,,Gott's Napa,2015-02-06,wayback,17.0,1
duckhorn 13 sauvignon blanc napa valley,Half Bottle,Gott's Napa,2015-05-13,wayback,17.0,1
duckhorn 13 sauvignon blanc napa valley,Half Bottle,Gott's Napa,2015-11-23,wayback,17.0,1
duckhorn 13 sauvignon blanc napa valley,half bottle,Gott's Napa,2015-05-13,wayback,17.0,1
duckhorn sauvignon blanc,Half Bottle,Bistro Don Giovanni,2020-09-21,wayback,32.0,1
dumol finn,,Bistro Don Giovanni,2020-09-21,wayback,188.0,1
durban muscat beaumes de venise 09,,Angele Restaurant & Bar,2014-09-20,wayback,8.0,1
earl grey cr me black tea fusion medium bold caffeine,,Angele Restaurant & Bar,2014-09-20,wayback,4.0,1
earth s offerings,,Perez Kitchen & Bar,2026-08-05,pdf,19.0,1
edel,,Bistro Don Giovanni,2023-04-01,wayback,16.0,1
edel,,Bistro Don Giovanni,2023-12-05,wayback,16.0,2
edizione pennino by francis ford coppola,,Bistro Don Giovanni,2020-09-21,wayback,110.0,1
edl,,Bistro Don Giovanni,2022-05-27,wayback,16.0,1
egg and cheese,,Code 4 Taphouse,2025-11-15,exif,15.95,1
egg salad,,Genova Delicatessen,2026-08-05,fallback,12.95,1
egg salad w cheese,,Genova Delicatessen,2026-08-05,fallback,13.95,1
egg white omelet,,Cartwright's Taprock Northwest Grill,2014-08-01,wayback,9.99,1
eggplant,,Genova Delicatessen,2024-08-31,exif,15.95,1
eggplant,,Genova Delicatessen,2026-08-05,fallback,15.95,1
eggs benedict parisian ham model bakery english mu n hollandaise saut ed greens,,Angele Restaurant & Bar,2016-05-08,wayback,22.0,1
egyptian chamomile select botanical caffeine free,,Angele Restaurant & Bar,2014-09-20,wayback,4.0,1
einst k icelandic white ale,,Gott's Napa,2021-01-17,wayback,5.5,1
einst k white ale iceland,,Angele Restaurant & Bar,2015-03-05,wayback,5.0,1
el bandito,,Angele Restaurant & Bar,2015-03-05,wayback,12.0,1
el dorado 15 yr special reserve fine demerara,,Angele Restaurant & Bar,2014-09-20,wayback,10.0,2
elijah,,Perez Kitchen & Bar,2026-08-05,pdf,20.0,1
enroute les pommiers,,Bistro Don Giovanni,2020-09-21,wayback,120.0,1
erdinger,,Bistro Don Giovanni,2019-09-19,wayback,5.0,1
erdinger,,Bistro Don Giovanni,2020-03-27,wayback,5.0,1
erdinger,,Bistro Don Giovanni,2020-09-21,wayback,6.0,2
erdinger n a,,Bistro Don Giovanni,2021-01-27,wayback,6.0,1
erdinger n a,,Bistro Don Giovanni,2022-01-20,wayback,6.0,1
erdinger n a,,Bistro Don Giovanni,2022-05-27,wayback,6.0,1
erdinger n a,,Bistro Don Giovanni,2023-04-01,wayback,6.0,1
erdinger n a,,Bistro Don Giovanni,2023-12-05,wayback,6.5,2
escargots vol au vent,,Angele Restaurant & Bar,2017-08-29,wayback,16.0,1
espresso,,Cartwright's Taprock Northwest Grill,2014-08-01,wayback,1.99,1
espresso,,McDonald's,2022-04-16,exif,3.55,1
etude grace benoist ranch,,Bistro Don Giovanni,2020-09-21,wayback,76.0,1
experience 11 cabernet sauvignon,Bottle,Gott's Napa,2014-08-11,wayback,30.0,2
experience 11 cabernet sauvignon,Bottle,Gott's Napa,2014-12-22,wayback,30.0,1
experience 11 cabernet sauvignon,Glass,Gott's Napa,2014-08-11,wayback,10.0,2
experience 11 cabernet sauvignon,Glass,Gott's Napa,2014-12-22,wayback,10.0,1
experience 11 cabernet sauvignon napa valley,,Gott's Napa,2014-12-22,wayback,50.0,1
experience 11 cabernet sauvignon napa valley,Bottle,Gott's Napa,2014-12-22,wayback,30.0,1
experience 11 cabernet sauvignon napa valley,Glass,Gott's Napa,2014-12-22,wayback,10.0,1
expression 38 by william elana hill russian camp,,Bistro Don Giovanni,2020-09-21,wayback,58.0,1
extra bbq,,Barney's Burgers,2024-01-15,dom,0.5,1
extra bbq,,Barney's Burgers,2026-08-05,web,0.5,1
extra cheese,,Barney's Burgers,2024-01-15,dom,0.75,1
extra cheese,,Barney's Burgers,2026-08-05,web,0.65,1
extra patty,,Barney's Burgers,2026-08-05,web,3.0,1
extra topping,,Gott's Napa,2015-02-13,wayback,1.25,1
extreme,,Barney's Burgers,2026-08-05,web,17.0,1
extreme with cheese,,Barney's Burgers,2026-08-05,web,19.0,1
f meyer kirsch,,Angele Restaurant & Bar,2014-09-20,wayback,11.0,1
f meyer mirabelle,,Angele Restaurant & Bar,2014-09-20,wayback,10.0,1
f meyer poire williams,,Angele Restaurant & Bar,2014-09-20,wayback,11.0,1
failla,,Bistro Don Giovanni,2020-09-21,wayback,72.0,1
failla pinot noir,,Bistro Don Giovanni,2020-03-27,wayback,18.0,1
failla pinot noir,,Bistro Don Giovanni,2020-09-21,wayback,18.0,2
failla pinot noir,,Bistro Don Giovanni,2021-01-27,wayback,18.0,1
failla pinot noir,,Bistro Don Giovanni,2022-05-27,wayback,18.0,1
failla pinot noir,,Bistro Don Giovanni,2023-12-05,wayback,20.0,1
failla pinot noir sonoma coast,,Bistro Don Giovanni,2019-09-19,wayback,18.0,1
failla pinot noir sonoma coast,,Bistro Don Giovanni,2020-09-21,wayback,18.0,1
failla pinot noir sonoma coast,,Bistro Don Giovanni,2022-01-20,wayback,18.0,1
failla pinot noir sonoma coast,,Bistro Don Giovanni,2023-04-01,wayback,18.0,1
failla platt vineyard,,Bistro Don Giovanni,2020-09-21,wayback,110.0,1
falafel salad,,Gott's Napa,2021-01-17,wayback,11.99,1
fallen apple,,Angele Restaurant & Bar,2014-09-20,wayback,12.0,1
far niente,,Bistro Don Giovanni,2020-09-21,wayback,95.0,1
far niente dolce,,Bistro Don Giovanni,2022-05-27,wayback,24.0,1
far niente dolce,,Bistro Don Giovanni,2023-12-05,wayback,24.0,2
far niente dolce napa valley,,Bistro Don Giovanni,2022-01-20,wayback,24.0,1
far niente dolce napa valley,,Bistro Don Giovanni,2023-04-01,wayback,24.0,1
farm fresh eggs,,Cartwright's Taprock Northwest Grill,2014-08-01,wayback,1.79,1
farmer s light lager,,Bistro Don Giovanni,2023-12-05,wayback,8.0,1
farmstead,,Farmstead at Long Meadow Ranch,2021-05-11,wayback,65.0,1
farmstead,,Farmstead at Long Meadow Ranch,2021-08-02,wayback,65.0,1
farmstead,,Farmstead at Long Meadow Ranch,2024-06-09,wayback,65.0,1
farmstead bacon,,Farmstead at Long Meadow Ranch,2026-06-15,pdf,14.0,1
farmstead bar,,Farmstead at Long Meadow Ranch,2021-05-11,wayback,14.0,1
farmstead bar,,Farmstead at Long Meadow Ranch,2021-08-02,wayback,14.0,1
farmstead bar,,Farmstead at Long Meadow Ranch,2024-06-09,wayback,14.0,1
farmstead bloody mary,,Farmstead at Long Meadow Ranch,2026-06-15,pdf,20.0,1
farmstead chocolate chunk cookie,,Farmstead at Long Meadow Ranch,2025-10-15,pdf,4.0,1
farmstead deviled eggs,,Farmstead at Long Meadow Ranch,2021-05-06,wayback,4.0,1
farmstead deviled eggs,,Farmstead at Long Meadow Ranch,2021-05-11,wayback,4.0,1
farmstead deviled eggs,,Farmstead at Long Meadow Ranch,2021-08-02,wayback,4.0,2
farmstead deviled eggs,,Farmstead at Long Meadow Ranch,2024-06-19,wayback,4.0,1
fat tire amber ale,,Gott's Napa,2014-12-22,wayback,4.5,1
fat tire amber ale,,Gott's Napa,2015-05-13,wayback,4.5,1
fat tire amber ale,,Gott's Napa,2015-07-24,wayback,5.0,1
fat tire amber ale,,Gott's Napa,2017-07-22,wayback,5.0,1
fat tire amber ale,,Gott's Napa,2021-01-17,wayback,5.5,1
fat tire amber ale,12oz,Gott's Napa,2015-02-06,wayback,4.5,2
fat tire amber ale,12oz,Gott's Napa,2015-05-13,wayback,4.5,1
fat tire amber ale,12oz,Gott's Napa,2015-11-23,wayback,5.0,1
fat tire amber ale,Bottled (12oz),Gott's Napa,2014-12-22,wayback,4.5,1
faux filet,,Angele Restaurant & Bar,2012-04-09,wayback,32.0,1
fava tortellini,,Angele Restaurant & Bar,2013-06-27,wayback,22.0,1
fernet branca,,Angele Restaurant & Bar,2014-09-20,wayback,9.0,1
ferrari brut ros,,Bistro Don Giovanni,2020-09-21,wayback,65.0,1
fettuccine bolognese,,Bistro Don Giovanni,2017-01-10,wayback,19.0,1
fettucine,,Bistro Don Giovanni,2023-12-05,wayback,32.0,1
fever tree ginger beer,,Bistro Don Giovanni,2017-01-10,wayback,3.5,1
fever tree ginger beer,,Bistro Don Giovanni,2019-09-19,wayback,3.5,2
fever tree ginger beer,,Bistro Don Giovanni,2020-03-27,wayback,3.5,1
fever tree ginger beer,,Bistro Don Giovanni,2020-09-21,wayback,3.5,2
fever tree ginger beer,,Bistro Don Giovanni,2021-01-27,wayback,3.5,1
fever tree ginger beer,,Bistro Don Giovanni,2022-01-20,wayback,3.5,1
fever tree ginger beer,,Bistro Don Giovanni,2022-05-27,wayback,3.5,1
fever tree ginger beer,,Bistro Don Giovanni,2023-04-01,wayback,4.0,1
fever tree ginger beer,,Bistro Don Giovanni,2023-12-05,wayback,4.0,2
fiery chili cream cheese poppers,,The Depot Eatery,2026-08-05,web,7.0,1
figs,,Bistro Don Giovanni,2019-09-19,wayback,24.0,1
fiji water,1ltr,Bistro Don Giovanni,2017-01-10,wayback,8.0,1
fiji water,500ml,Bistro Don Giovanni,2017-01-10,wayback,4.0,1
filet o fish,,McDonald's,2022-04-16,exif,8.49,1
firelit coffee liqueur,,Angele Restaurant & Bar,2014-09-20,wayback,14.0,1
firenze spritz,,Bistro Don Giovanni,2017-01-10,wayback,12.0,1
firenze spritz,,Bistro Don Giovanni,2019-09-19,wayback,12.0,1
firenze spritz,,Bistro Don Giovanni,2020-03-27,wayback,12.0,1
firenze spritz,,Bistro Don Giovanni,2020-09-21,wayback,14.0,2
firenze spritz,,Bistro Don Giovanni,2021-01-27,wayback,15.0,1
firenze spritz,,Bistro Don Giovanni,2022-01-20,wayback,15.0,1
firenze spritz,,Bistro Don Giovanni,2022-05-27,wayback,15.0,1
firenze spritz,,Bistro Don Giovanni,2023-04-01,wayback,15.0,1
firenze spritz,,Bistro Don Giovanni,2023-12-05,wayback,15.0,2
firestone mind haze hazy ipa,,Bistro Don Giovanni,2022-01-20,wayback,7.0,1
firestone mind haze hazy ipa,,Bistro Don Giovanni,2022-05-27,wayback,7.0,1
firestone mind haze hazy ipa,,Bistro Don Giovanni,2023-04-01,wayback,7.0,1
firestone mind haze hazy ipa,,Bistro Don Giovanni,2023-12-05,wayback,7.0,1
firestone walker 805 blonde ale,,Gott's Napa,2017-07-22,wayback,5.0,1
firestone walker 805 blonde ale,,Gott's Napa,2021-01-17,wayback,5.0,1
firestone walker double barrel ale,,Gott's Napa,2014-12-22,wayback,5.0,1
firestone walker double barrel ale,,Gott's Napa,2015-05-13,wayback,5.0,1
firestone walker double barrel ale,,Gott's Napa,2015-07-24,wayback,5.0,1
firestone walker double barrel ale,12oz,Gott's Napa,2014-08-11,wayback,5.0,2
firestone walker double barrel ale,12oz,Gott's Napa,2014-10-29,wayback,5.0,1
firestone walker double barrel ale,12oz,Gott's Napa,2015-02-06,wayback,5.0,2
firestone walker double barrel ale,12oz,Gott's Napa,2015-05-13,wayback,5.0,1
firestone walker double barrel ale,12oz,Gott's Napa,2015-11-23,wayback,5.0,1
firestone walker double barrel ale,Bottled (12oz),Gott's Napa,2014-12-22,wayback,5.0,1
fish and chips,,Gott's Napa,2011-03-22,wayback,15.99,2
fish chips,,Gott's Napa,2014-08-11,wayback,16.99,2
fish chips,,Gott's Napa,2014-12-22,wayback,16.99,2
fish chips,,Gott's Napa,2015-02-06,wayback,16.99,2
fish chips,,Gott's Napa,2015-05-13,wayback,16.99,2
fish chips,,Gott's Napa,2015-07-24,wayback,16.99,1
fish chips,,Gott's Napa,2015-11-23,wayback,16.99,1
fish chips,,Gott's Napa,2017-07-22,wayback,16.99,1
fish chips basket,,The Depot Eatery,2026-08-05,web,18.0,1
fish tacos,,Gott's Napa,2011-03-22,wayback,12.99,1
fish tacos,,Gott's Napa,2012-05-15,wayback,12.99,2
fish tacos,,Gott's Napa,2012-06-17,wayback,12.99,2
fish tacos,,Gott's Napa,2014-10-29,wayback,12.99,1
fish tacos,2 tacos,Gott's Napa,2011-03-22,wayback,12.99,1
fist full o dollars,,Angele Restaurant & Bar,2015-03-05,wayback,12.0,1
five guys shake,,Five Guys,2023-11-27,exif,5.2,1
flat iron steak bites,,The Depot Eatery,2026-08-05,web,12.0,1
floats,24oz,Gott's Napa,2021-01-17,wayback,4.99,1
floats with organic vanilla ice cream root beer,,Gott's Napa,2015-02-06,wayback,4.99,2
floats with organic vanilla ice cream root beer,24oz,Gott's Napa,2015-05-13,wayback,4.99,4
floats with organic vanilla ice cream root beer,24oz,Gott's Napa,2015-11-23,wayback,4.99,1
floats with organic vanilla ice cream root beer,24oz,Gott's Napa,2017-07-22,wayback,4.99,1
floats with organic vanilla ice cream root beer,24oz.,Gott's Napa,2015-07-24,wayback,4.99,1
flowers camp meeting ridge vineyard,,Bistro Don Giovanni,2020-09-21,wayback,178.0,1
fluffy pancakes,1,Code 4 Taphouse,2025-11-15,exif,6.95,2
foccacia breakfast sandwich,,Cartwright's Taprock Northwest Grill,2014-08-01,wayback,10.49,1
foie gras au torchon,,Angele Restaurant & Bar,2012-04-09,wayback,18.0,1
fort point ksa,,Gott's Napa,2021-01-17,wayback,8.0,1
fountain soda,16oz,Gott's Napa,2015-05-13,wayback,2.49,2
fountain soda,16oz,Gott's Napa,2015-11-23,wayback,2.49,1
fountain soda,16oz,Gott's Napa,2017-07-22,wayback,2.69,1
fountain soda,16oz,Gott's Napa,2021-01-17,wayback,2.69,1
fountain soda,16oz.,Gott's Napa,2015-07-24,wayback,2.49,1
fountain soda,24oz,Gott's Napa,2015-05-13,wayback,2.99,2
fountain soda,24oz,Gott's Napa,2015-11-23,wayback,2.99,1
fountain soda,24oz,Gott's Napa,2017-07-22,wayback,2.99,1
fountain soda,24oz,Gott's Napa,2021-01-17,wayback,2.99,1
fountain soda,24oz.,Gott's Napa,2015-07-24,wayback,2.99,1
fountain soda,Regular,Gott's Napa,2011-03-22,wayback,2.49,2
fountain soda,Regular,Gott's Napa,2012-05-15,wayback,2.49,2
fountain soda,Regular,Gott's Napa,2012-06-17,wayback,2.69,2
fountain soda,Regular,Gott's Napa,2014-08-11,wayback,2.99,2
fountain soda,Regular,Gott's Napa,2014-10-29,wayback,2.95,1
fountain soda,Regular,Gott's Napa,2014-12-22,wayback,2.99,2
fountain soda,Regular,Gott's Napa,2015-02-06,wayback,2.99,2
fountain soda,Regular,Gott's Napa,2015-02-13,wayback,2.69,1
fountain soda,Small,Gott's Napa,2011-03-22,wayback,1.99,2
fountain soda,Small,Gott's Napa,2012-05-15,wayback,1.99,2
fountain soda,Small,Gott's Napa,2012-06-17,wayback,1.99,2
fountain soda,Small,Gott's Napa,2014-08-11,wayback,2.25,2
fountain soda,Small,Gott's Napa,2014-10-29,wayback,2.25,1
fountain soda,Small,Gott's Napa,2014-12-22,wayback,2.25,2
fountain soda,Small,Gott's Napa,2015-02-06,wayback,2.25,2
fountain soda,Small,Gott's Napa,2015-02-13,wayback,1.99,1
foxen 13 chenin blanc santa maria valley,,Gott's Napa,2015-11-23,wayback,10.0,1
foxen 13 chenin blanc santa maria valley,Bottle,Gott's Napa,2015-11-23,wayback,30.0,1
foxen chenin blanc,,Gott's Napa,2015-07-24,wayback,10.0,1
frank family,,Bistro Don Giovanni,2020-09-21,wayback,68.0,1
frank family petite sirah,,Bistro Don Giovanni,2017-01-10,wayback,14.0,1
frank family zinfandel,,Bistro Don Giovanni,2020-03-27,wayback,15.0,1
frank family zinfandel,,Bistro Don Giovanni,2020-09-21,wayback,16.0,3
frank family zinfandel,,Bistro Don Giovanni,2022-05-27,wayback,16.0,1
frank family zinfandel,,Bistro Don Giovanni,2023-12-05,wayback,16.0,2
frank family zinfandel napa valley,,Bistro Don Giovanni,2019-09-19,wayback,15.0,1
frank family zinfandel napa valley,,Bistro Don Giovanni,2020-09-21,wayback,16.0,1
frank family zinfandel napa valley,,Bistro Don Giovanni,2022-01-20,wayback,16.0,1
frank family zinfandel napa valley,,Bistro Don Giovanni,2023-04-01,wayback,16.0,1
fratelli abrigo barbera d alba superiore,,Bistro Don Giovanni,2023-12-05,wayback,16.0,2
freestone by joseph phelps,,Bistro Don Giovanni,2020-09-21,wayback,104.0,1
french fries,,Angele Restaurant & Bar,2015-02-25,wayback,8.0,1
french fries,,Angele Restaurant & Bar,2015-03-05,wayback,8.0,1
french fries,,Angele Restaurant & Bar,2016-04-12,wayback,7.0,1
french fries,,Angele Restaurant & Bar,2016-05-08,wayback,8.0,1
french fries,,Angele Restaurant & Bar,2017-08-29,wayback,9.0,1
french fries,Large,Barney's Burgers,2024-01-15,dom,3.99,1
french fries,Large,Barney's Burgers,2026-08-05,web,4.0,1
french fries,Small,Barney's Burgers,2024-01-15,dom,2.99,1
french fries,Small,Barney's Burgers,2026-08-05,web,3.0,1
french fries,,Bistro Don Giovanni,2017-01-10,wayback,6.0,1
french fries,,Bistro Don Giovanni,2019-09-19,wayback,6.0,1
french fries,,Bistro Don Giovanni,2020-03-27,wayback,6.0,1
french fries,,Bistro Don Giovanni,2020-09-21,wayback,6.0,2
french fries,,Bistro Don Giovanni,2021-01-27,wayback,6.0,1
french fries,,Bistro Don Giovanni,2022-01-20,wayback,6.0,1
french fries,,Bistro Don Giovanni,2022-05-27,wayback,6.0,1
french fries,,Bistro Don Giovanni,2023-04-01,wayback,8.0,1
french fries,,Bistro Don Giovanni,2023-12-05,wayback,8.5,2
french fries,,Farmstead at Long Meadow Ranch,2025-10-15,pdf,7.0,1
french fries,,Gott's Napa,2011-03-22,wayback,2.69,2
french fries,,Gott's Napa,2012-05-15,wayback,2.69,2
french fries,,Gott's Napa,2012-06-17,wayback,2.89,2
french fries,,Gott's Napa,2014-08-11,wayback,2.99,2
french fries,,Gott's Napa,2014-10-29,wayback,2.89,1
french fries,,Gott's Napa,2014-12-22,wayback,2.99,2
french fries,,Gott's Napa,2015-02-06,wayback,2.99,2
french fries,,Gott's Napa,2015-05-13,wayback,2.99,2
french fries,,Gott's Napa,2015-07-24,wayback,2.99,1
french fries,,Gott's Napa,2015-11-23,wayback,2.99,1
french fries,,Gott's Napa,2017-07-22,wayback,3.49,1
french fries,,Gott's Napa,2021-01-17,wayback,3.79,1
french fries,,In-N-Out Burger,2026-06-25,exif,2.25,4
french fries,Large,In-N-Out Burger,2026-06-25,exif,2.55,1
french fries,Lg,In-N-Out Burger,2026-06-25,exif,2.55,2
french fries,Med,In-N-Out Burger,2026-06-25,exif,2.35,2
french fries,Medium,In-N-Out Burger,2026-06-25,exif,2.35,1
french fries,Sm,In-N-Out Burger,2026-06-25,exif,2.2,2
french fries,Small,In-N-Out Burger,2026-06-25,exif,2.2,1
french fries,X-Large,In-N-Out Burger,2026-06-25,exif,2.75,1
french fries,X-Lg,In-N-Out Burger,2026-06-25,exif,2.75,2
french fries,,In-N-Out Burger,2025-02-25,exif,2.2,1
french fries,,In-N-Out Burger,2026-06-11,exif,2.25,1
french fries,,McDonald's,2022-04-16,exif,0.33,1
french spritz,,Angele Restaurant & Bar,2014-09-20,wayback,12.0,1
french spritz,,Angele Restaurant & Bar,2015-02-25,wayback,12.0,1
french spritz aperol tangerine juice sparkling wine,,Angele Restaurant & Bar,2015-03-05,wayback,12.0,1
french toast,,Cartwright's Taprock Northwest Grill,2014-08-01,wayback,5.99,1
french toast,2 slices,Code 4 Taphouse,2025-11-15,exif,8.95,2
french toast,,Gott's Napa,2013-04-02,wayback,5.49,1
french toast bacon,,Code 4 Taphouse,2025-11-15,exif,7.95,2
frescobaldi nipozzano vecchie viti chianti riserva toscana italy,,Bistro Don Giovanni,2022-01-20,wayback,15.0,1
fresh juice,8oz,Farmstead at Long Meadow Ranch,2026-06-15,pdf,8.0,1
fresh lemonade,,Bistro Don Giovanni,2017-01-10,wayback,4.0,1
fresh lemonade,,Bistro Don Giovanni,2019-09-19,wayback,4.0,1
fresh lemonade,,Bistro Don Giovanni,2020-03-27,wayback,4.0,1
fresh lemonade,,Bistro Don Giovanni,2020-09-21,wayback,4.0,2
fresh lemonade,,Bistro Don Giovanni,2021-01-27,wayback,4.0,1
fresh lemonade,,Bistro Don Giovanni,2022-01-20,wayback,4.0,1
fresh lemonade,,Bistro Don Giovanni,2022-05-27,wayback,4.0,1
fresh lemonade,,Bistro Don Giovanni,2023-04-01,wayback,4.0,1
fresh lemonade,,Bistro Don Giovanni,2023-12-05,wayback,4.0,2
fresh seasonal fruit,,Cartwright's Taprock Northwest Grill,2014-08-01,wayback,2.99,1
fresh veggies hummus,,Gott's Napa,2021-01-17,wayback,5.99,1
freshly baked blueberry muffin,,Cartwright's Taprock Northwest Grill,2014-08-01,wayback,3.29,1
fried brussels sprouts,,Gott's Napa,2021-01-17,wayback,6.99,1
fried calamari,,Gott's Napa,2011-03-22,wayback,8.99,2
fried deviled eggs,,Angele Restaurant & Bar,2017-08-29,wayback,12.0,1
fried deviled eggs cr me fra che mousse pomegranates pickled jalapen s,,Angele Restaurant & Bar,2015-11-06,wayback,11.0,1
fried deviled eggs cr me fra che mousse pomegranates pickled jalapen s,,Angele Restaurant & Bar,2016-04-12,wayback,18.0,1
fried deviled eggs cr me fra che mousse pomegranates pickled jalapen s,,Angele Restaurant & Bar,2016-05-08,wayback,14.0,1
fried egg biscuit sandwich with sausage or bacon,,Burgerville,2026-04-26,exif,3.99,1
fried shrimp basket,,The Depot Eatery,2026-08-05,web,16.0,1
fries large,Large,Five Guys,2023-11-27,exif,6.25,1
fries little,Little,Five Guys,2023-11-27,exif,4.35,1
fries regular,Regular,Five Guys,2023-11-27,exif,5.35,1
fritto misto,,Bistro Don Giovanni,2017-01-10,wayback,15.0,1
fritto misto,,Bistro Don Giovanni,2019-09-19,wayback,17.0,1
fritto misto,,Bistro Don Giovanni,2020-03-27,wayback,17.0,1
fritto misto,,Bistro Don Giovanni,2020-09-21,wayback,18.0,2
fritto misto,,Bistro Don Giovanni,2021-01-27,wayback,18.0,1
fritto misto,,Bistro Don Giovanni,2022-01-20,wayback,18.0,1
fritto misto,,Bistro Don Giovanni,2022-05-27,wayback,18.0,1
fritto misto,,Bistro Don Giovanni,2023-04-01,wayback,18.0,1
fritto misto,,Bistro Don Giovanni,2023-12-05,wayback,19.0,2
frog s leap,,Bistro Don Giovanni,2020-09-21,wayback,64.0,2
frog s leap ros la grenouille rougante,,Bistro Don Giovanni,2020-09-21,wayback,46.0,1
frogs leap 13 sauvignon blanc,,Gott's Napa,2012-05-15,wayback,12.0,2
frogs leap 13 sauvignon blanc,,Gott's Napa,2012-06-17,wayback,14.0,2
frogs leap 13 sauvignon blanc,,Gott's Napa,2014-12-22,wayback,14.0,2
frogs leap 13 sauvignon blanc,,Gott's Napa,2015-02-06,wayback,14.0,1
frogs leap 13 sauvignon blanc,Half Bottle,Gott's Napa,2011-03-22,wayback,12.0,1
frogs leap 13 sauvignon blanc,Half Bottle,Gott's Napa,2014-08-11,wayback,14.0,1
frogs leap 13 sauvignon blanc,Half Bottle,Gott's Napa,2014-10-29,wayback,14.0,1
frogs leap 13 sauvignon blanc,Half Bottle,Gott's Napa,2015-02-06,wayback,14.0,1
frogs leap 13 sauvignon blanc,Half Bottle,Gott's Napa,2015-02-13,wayback,14.0,1
frogs leap 13 sauvignon blanc,Half Bottle,Gott's Napa,2015-05-13,wayback,14.0,1
frogs leap 13 sauvignon blanc,Half Bottle,Gott's Napa,2015-11-23,wayback,14.0,1
frogs leap 13 sauvignon blanc,Half Bottle,Gott's Napa,2017-07-22,wayback,19.0,1
frogs leap 13 sauvignon blanc,Half Bottle,Gott's Napa,2021-01-17,wayback,21.0,1
frogs leap 13 sauvignon blanc,Half bottle,Gott's Napa,2014-08-11,wayback,14.0,1
frogs leap 13 sauvignon blanc,half bottle,Gott's Napa,2015-05-13,wayback,14.0,1
fromages du jour,,Angele Restaurant & Bar,2012-04-09,wayback,12.0,1
fromages du jour artisan cheeses of the day,,Angele Restaurant & Bar,2014-09-20,wayback,15.0,1
fruit yogurt granola,,Cartwright's Taprock Northwest Grill,2014-08-01,wayback,5.99,1
fry bread tacos,,Perez Kitchen & Bar,2026-08-05,pdf,21.0,1
fry sauce or ranch,,Barney's Burgers,2024-01-15,dom,0.5,1
fry sauce or ranch,,Barney's Burgers,2026-08-05,web,0.5,1
fusilli bolognese,,Bistro Don Giovanni,2023-12-05,wayback,30.0,1
garden baby lettuces,,Angele Restaurant & Bar,2017-08-29,wayback,12.0,1
garden beet salad,,Angele Restaurant & Bar,2017-08-29,wayback,14.0,1
garden greens garlic lemon,,Bistro Don Giovanni,2020-03-27,wayback,8.0,1
garden lemon cucumber salad,,Angele Restaurant & Bar,2017-08-29,wayback,15.0,1
garden veggie,,The Depot Eatery,2026-08-05,web,18.0,1
garlic fries,,Gott's Napa,2011-03-22,wayback,3.99,2
garlic fries,,Gott's Napa,2012-05-15,wayback,3.99,2
garlic fries,,Gott's Napa,2012-06-17,wayback,3.99,2
garlic fries,,Gott's Napa,2014-08-11,wayback,3.99,2
garlic fries,,Gott's Napa,2014-10-29,wayback,3.99,1
garlic fries,,Gott's Napa,2014-12-22,wayback,3.99,2
garlic fries,,Gott's Napa,2015-02-06,wayback,3.99,2
garlic fries,,Gott's Napa,2015-05-13,wayback,3.99,2
garlic fries,,Gott's Napa,2015-07-24,wayback,3.99,1
garlic fries,,Gott's Napa,2015-11-23,wayback,3.99,1
garlic fries,,Gott's Napa,2017-07-22,wayback,3.99,1
garlic fries,,Gott's Napa,2021-01-17,wayback,3.99,1
gateau aux chocolat chocolate roulade toasted almonds almond anglaise with strawberry syrup,,Angele Restaurant & Bar,2014-09-20,wayback,10.0,1
gazpacho,,Bistro Don Giovanni,2020-09-21,wayback,12.0,2
genitina,,Genova Delicatessen,2026-08-05,fallback,12.95,1
genoa salami,,Genova Delicatessen,2026-08-05,fallback,14.95,1
genova vegi,,Genova Delicatessen,2026-08-05,fallback,12.95,1
germain robin xo brandy,,Angele Restaurant & Bar,2014-09-20,wayback,22.0,1
gianluigi lano barbera e freisa,,Bistro Don Giovanni,2022-05-27,wayback,15.0,1
gift cards,,In-N-Out Burger,2026-06-25,exif,20.0,2
gina gallo,,Bistro Don Giovanni,2020-09-21,wayback,62.0,1
gio merlot cabernet franc,,Bistro Don Giovanni,2020-09-21,wayback,18.0,1
gio red,,Bistro Don Giovanni,2017-01-10,wayback,18.0,1
gio red merlot,,Bistro Don Giovanni,2020-03-27,wayback,18.0,1
gio red merlot,,Bistro Don Giovanni,2020-09-21,wayback,18.0,1
gio red merlot,,Bistro Don Giovanni,2022-05-27,wayback,18.0,1
gio red merlot,,Bistro Don Giovanni,2023-12-05,wayback,18.0,1
gio red merlot cabernet franc napa valley,,Bistro Don Giovanni,2019-09-19,wayback,18.0,1
gio red merlot cabernet franc napa valley,,Bistro Don Giovanni,2020-09-21,wayback,18.0,1
gio red merlot cabernet franc napa valley,,Bistro Don Giovanni,2021-01-27,wayback,18.0,1
gio red merlot cabernet franc napa valley,,Bistro Don Giovanni,2022-01-20,wayback,18.0,1
gio red merlot cabernet franc napa valley,,Bistro Don Giovanni,2023-04-01,wayback,18.0,1
gio red merlot cabernet franc napa valley,,Bistro Don Giovanni,2023-12-05,wayback,18.0,1
gioia burrata,,Farmstead at Long Meadow Ranch,2026-06-15,pdf,19.0,1
glace du jour three twins organic ice cream,,Angele Restaurant & Bar,2014-09-20,wayback,7.0,1
glenmorangie quinta ruban,,Angele Restaurant & Bar,2014-09-20,wayback,14.0,1
gluten free bun,,Gott's Napa,2021-01-17,wayback,1.0,1
gnocchetti,,Bistro Don Giovanni,2020-03-27,wayback,23.0,1
gnocchetti,,Bistro Don Giovanni,2020-09-21,wayback,25.0,2
gnocchetti,,Bistro Don Giovanni,2021-01-27,wayback,27.0,1
gnocchetti,,Bistro Don Giovanni,2022-01-20,wayback,29.0,1
gnocchetti,,Bistro Don Giovanni,2022-05-27,wayback,29.0,1
gnocchetti,,Bistro Don Giovanni,2023-04-01,wayback,32.0,1
gnocchetti,,Bistro Don Giovanni,2023-12-05,wayback,32.5,2
gnocchetti al rag d agnello,,Bistro Don Giovanni,2017-01-10,wayback,19.0,1
gnocchetti al rag d agnello,,Bistro Don Giovanni,2019-09-19,wayback,23.0,1
go dog,,Barney's Burgers,2026-08-05,web,7.95,1
go dog,Jumbo,Barney's Burgers,2026-08-05,web,11.25,1
gold peak drink,,Five Guys,2023-11-27,exif,4.2,1
golden state cider mighty dry,,Gott's Napa,2021-01-17,wayback,6.5,1
goldeneye by duckhorn pinot noir,Half Bottle,Bistro Don Giovanni,2020-09-21,wayback,54.0,1
gougeonettes de sole,,Angele Restaurant & Bar,2013-04-18,wayback,25.0,1
gougeonettes de sole,,Angele Restaurant & Bar,2013-06-27,wayback,25.0,1
gougonettes de st pierre,,Angele Restaurant & Bar,2012-04-09,wayback,24.0,1
gr ner veltliner loimer lois,Bottle,Gott's Napa,2017-07-22,wayback,24.0,1
gr ner veltliner loimer lois,Glass,Gott's Napa,2017-07-22,wayback,8.0,1
graci etna rosato,,Bistro Don Giovanni,2020-09-21,wayback,45.0,1
granola,,Farmstead at Long Meadow Ranch,2021-05-11,wayback,6.0,1
granola,,Farmstead at Long Meadow Ranch,2021-08-02,wayback,6.0,1
granola,,Farmstead at Long Meadow Ranch,2024-06-19,wayback,6.0,1
granola fruit yogurt parfait,,Gott's Napa,2013-04-02,wayback,6.99,1
grass fed beef tartare,Large,Farmstead at Long Meadow Ranch,2026-06-15,pdf,38.0,1
grass fed beef tartare,Regular,Farmstead at Long Meadow Ranch,2026-06-15,pdf,21.0,1
grass fed cheeseburger,,Farmstead at Long Meadow Ranch,2026-06-15,pdf,26.0,1
grass fed cheeseburger with crispy potatoes,,Farmstead at Long Meadow Ranch,2021-05-11,wayback,10.0,1
grass fed cheeseburger with crispy potatoes,,Farmstead at Long Meadow Ranch,2021-07-28,wayback,10.0,1
grass fed cheeseburger with crispy potatoes,,Farmstead at Long Meadow Ranch,2021-08-02,wayback,10.0,1
grass fed cheeseburger with crispy potatoes,,Farmstead at Long Meadow Ranch,2025-10-15,pdf,15.0,1
grass fed meatballs,,Farmstead at Long Meadow Ranch,2021-05-06,wayback,5.0,1
grass fed meatballs,,Farmstead at Long Meadow Ranch,2021-05-11,wayback,5.0,1
grass fed meatballs,,Farmstead at Long Meadow Ranch,2021-08-02,wayback,5.0,2
grass fed meatballs,,Farmstead at Long Meadow Ranch,2024-06-19,wayback,5.0,1
gratin d escargots,,Angele Restaurant & Bar,2015-02-21,wayback,12.0,1
gratin d escargots,,Angele Restaurant & Bar,2015-02-25,wayback,12.0,1
gratin d escargots,,Angele Restaurant & Bar,2015-03-05,wayback,12.0,1
gratin de macaroni,,Angele Restaurant & Bar,2012-04-09,wayback,8.0,1
gratin de macaroni,,Angele Restaurant & Bar,2013-04-18,wayback,8.0,1
gratin de macaroni,,Angele Restaurant & Bar,2013-06-27,wayback,8.0,1
gratin de macaroni,,Angele Restaurant & Bar,2015-02-21,wayback,8.0,1
gratin la banane banana gratin almond crust vanilla bean ice cream,,Angele Restaurant & Bar,2014-09-20,wayback,10.0,1
green chile cheeseburger,,Gott's Napa,2012-06-17,wayback,8.99,2
green chile cheeseburger,,Gott's Napa,2014-08-11,wayback,9.99,2
green chile cheeseburger,,Gott's Napa,2014-10-29,wayback,8.99,1
green chile cheeseburger,,Gott's Napa,2014-12-22,wayback,9.99,2
green chile cheeseburger,,Gott's Napa,2015-02-06,wayback,9.99,2
green chile cheeseburger,,Gott's Napa,2015-05-13,wayback,9.99,2
green chile cheeseburger,,Gott's Napa,2015-07-24,wayback,9.99,1
green chile cheeseburger,,Gott's Napa,2015-11-23,wayback,9.99,1
green chile cheeseburger,,Gott's Napa,2017-07-22,wayback,9.99,1
green chile cheeseburger,,Gott's Napa,2021-01-17,wayback,10.99,1
green peppers,,Five Guys,2023-11-27,exif,0.05,1
green red chiles mill vineyard,,Bistro Don Giovanni,2020-09-21,wayback,55.0,1
grgich hills estate,,Bistro Don Giovanni,2020-09-21,wayback,86.0,1
grill cheese fries,Large,Barney's Burgers,2024-01-15,dom,6.99,1
grill cheese fries,Small,Barney's Burgers,2024-01-15,dom,5.99,1
grilled allen bros new york,,Bistro Don Giovanni,2023-04-01,wayback,49.0,1
grilled allen bros new york,,Bistro Don Giovanni,2023-12-05,wayback,49.0,1
grilled allen bros ribeye,,Bistro Don Giovanni,2023-12-05,wayback,49.0,1
grilled asparagus,,Bistro Don Giovanni,2023-12-05,wayback,9.0,1
grilled asparagus lemon olive oil,,Bistro Don Giovanni,2023-04-01,wayback,9.0,1
grilled asparagus parmigiano lemon,,Bistro Don Giovanni,2022-05-27,wayback,8.0,1
grilled bistro burger,,Bistro Don Giovanni,2017-01-10,wayback,14.0,1
grilled branzino,,Bistro Don Giovanni,2019-09-19,wayback,34.0,1
grilled branzino,,Bistro Don Giovanni,2020-03-27,wayback,35.0,1
grilled branzino,,Bistro Don Giovanni,2020-09-21,wayback,36.0,2
grilled branzino,,Bistro Don Giovanni,2023-04-01,wayback,38.0,1
grilled branzino,,Bistro Don Giovanni,2023-12-05,wayback,38.0,2
grilled cheese,,Barney's Burgers,2024-01-15,dom,5.99,1
grilled cheese,,Barney's Burgers,2026-08-05,web,6.0,1
grilled cheese,,Five Guys,2023-11-27,exif,5.15,1
grilled cheese,,Gott's Napa,2014-08-11,wayback,6.99,2
grilled cheese,,Gott's Napa,2014-10-29,wayback,6.99,1
grilled cheese,,Gott's Napa,2014-12-22,wayback,6.99,1
grilled cheese,,Gott's Napa,2015-02-06,wayback,6.99,2
grilled cheese,,Gott's Napa,2015-02-13,wayback,6.99,1
grilled cheese,,Gott's Napa,2017-07-22,wayback,6.99,1
grilled cheese,,Gott's Napa,2021-01-17,wayback,6.99,1
grilled cheese ham,,Barney's Burgers,2024-01-15,dom,8.79,1
grilled cheese ham,,Barney's Burgers,2026-08-05,web,8.8,1
grilled cheese sandwich,,Farmstead at Long Meadow Ranch,2025-10-15,pdf,14.0,1
grilled cheese sandwich with crispy potatoes,,Farmstead at Long Meadow Ranch,2021-05-11,wayback,10.0,1
grilled cheese sandwich with crispy potatoes,,Farmstead at Long Meadow Ranch,2021-07-28,wayback,10.0,1
grilled cheese sandwich with crispy potatoes,,Farmstead at Long Meadow Ranch,2021-08-02,wayback,10.0,1
grilled chicken,,Barney's Burgers,2024-01-15,dom,8.99,1
grilled chicken,,Barney's Burgers,2026-08-05,web,8.75,1
grilled chicken sandwich,,River's Edge Restaurant,2026-07-16,exif,19.0,1
grilled idaho trout,,Farmstead at Long Meadow Ranch,2025-10-15,pdf,16.0,1
grilled idaho trout,,Farmstead at Long Meadow Ranch,2026-06-15,pdf,38.0,1
grilled mushrooms,,Five Guys,2023-11-27,exif,0.65,2
grilled octopus,,Bistro Don Giovanni,2017-01-10,wayback,16.0,1
grilled octopus,,Bistro Don Giovanni,2019-09-19,wayback,17.0,1
grilled octopus,,Bistro Don Giovanni,2020-03-27,wayback,17.0,1
grilled octopus,,Bistro Don Giovanni,2020-09-21,wayback,17.0,2
grilled octopus,,Bistro Don Giovanni,2021-01-27,wayback,17.0,1
grilled octopus,,Bistro Don Giovanni,2022-01-20,wayback,17.0,1
grilled octopus,,Bistro Don Giovanni,2022-05-27,wayback,17.0,1
grilled octopus,,Bistro Don Giovanni,2023-04-01,wayback,18.0,1
grilled octopus,,Bistro Don Giovanni,2023-12-05,wayback,19.0,2
grilled onions,,Five Guys,2023-11-27,exif,0.05,1
grilled patty melt,,The Depot Eatery,2026-08-05,web,16.0,1
grilled pork chop,,Bistro Don Giovanni,2017-01-10,wayback,28.0,1
grilled pork chop,,Bistro Don Giovanni,2019-09-19,wayback,28.0,1
grilled pork chop,,Bistro Don Giovanni,2020-03-27,wayback,28.0,1
grilled pork chop,,Bistro Don Giovanni,2020-09-21,wayback,29.0,2
grilled pork chop,,Bistro Don Giovanni,2022-01-20,wayback,32.0,1
grilled pork chop,,Bistro Don Giovanni,2022-05-27,wayback,32.0,1
grilled pork chop,,Bistro Don Giovanni,2023-04-01,wayback,35.0,1
grilled pork chop,,Bistro Don Giovanni,2023-12-05,wayback,35.5,2
grilled reuben,,The Depot Eatery,2026-08-05,web,17.0,1
grilled salsa macha chicken,,Perez Kitchen & Bar,2026-08-05,pdf,22.0,1
grilled swordfish,,Perez Kitchen & Bar,2026-08-05,pdf,27.0,1
grilled trout with garden vegetables,,Farmstead at Long Meadow Ranch,2021-05-11,wayback,10.0,1
grilled trout with garden vegetables,,Farmstead at Long Meadow Ranch,2021-07-28,wayback,10.0,1
grilled trout with garden vegetables,,Farmstead at Long Meadow Ranch,2021-08-02,wayback,10.0,1
groth,,Bistro Don Giovanni,2020-09-21,wayback,56.0,1
groth hillview vineyard,,Bistro Don Giovanni,2020-09-21,wayback,56.0,1
groth sauvignon blanc,,Bistro Don Giovanni,2020-03-27,wayback,14.0,1
groth sauvignon blanc,,Bistro Don Giovanni,2020-09-21,wayback,14.0,2
groth sauvignon blanc,,Bistro Don Giovanni,2021-01-27,wayback,14.0,1
groth sauvignon blanc,,Bistro Don Giovanni,2022-05-27,wayback,14.0,1
groth sauvignon blanc,,Bistro Don Giovanni,2023-12-05,wayback,18.0,2
groth sauvignon blanc napa valley,,Bistro Don Giovanni,2019-09-19,wayback,12.5,2
groth sauvignon blanc napa valley,,Bistro Don Giovanni,2020-09-21,wayback,13.0,2
groth sauvignon blanc napa valley,,Bistro Don Giovanni,2022-01-20,wayback,13.0,2
groth sauvignon blanc napa valley,,Bistro Don Giovanni,2023-04-01,wayback,15.5,2
guanciale,,Bistro Don Giovanni,2023-12-05,wayback,26.0,1
h b pastis,,Bistro Don Giovanni,2017-01-10,wayback,9.0,1
h b pastis,,Bistro Don Giovanni,2019-09-19,wayback,9.0,1
h b pastis,,Bistro Don Giovanni,2020-03-27,wayback,9.0,1
h b pastis,,Bistro Don Giovanni,2020-09-21,wayback,10.0,2
h b pastis,,Bistro Don Giovanni,2021-01-27,wayback,10.0,1
hahn,,Bistro Don Giovanni,2020-09-21,wayback,45.0,1
hahn pinot noir,,Bistro Don Giovanni,2017-01-10,wayback,16.0,1
half benedict with fresh seasonal fruit,,Cartwright's Taprock Northwest Grill,2014-08-01,wayback,7.99,1
half roasted chicken,,Angele Restaurant & Bar,2017-08-29,wayback,28.0,1
hall,,Bistro Don Giovanni,2020-09-21,wayback,55.0,1
hall 11 sauvignon blanc,,Gott's Napa,2013-02-28,wayback,24.0,2
hall 11 sauvignon blanc,Bottle,Gott's Napa,2012-06-17,wayback,24.0,1
hall 11 sauvignon blanc,Glass,Gott's Napa,2012-06-17,wayback,8.0,1
hall 11 sauvignon blanc,Half Bottle,Gott's Napa,2021-01-17,wayback,21.0,1
hall 11 sauvignon blanc napa valley,Bottle,Gott's Napa,2012-06-17,wayback,24.0,1
hall 11 sauvignon blanc napa valley,Glass,Gott's Napa,2012-06-17,wayback,8.0,1
hall cabernet sauvignon,,Bistro Don Giovanni,2017-01-10,wayback,19.0,1
ham,,Taqueria El Charro Viejo,2022-12-07,exif,8.5,1
ham,,The Depot Eatery,2026-08-05,web,17.0,1
ham and cheese puff,,Farmstead at Long Meadow Ranch,2021-05-11,wayback,5.0,1
ham and cheese puff,,Farmstead at Long Meadow Ranch,2021-08-02,wayback,5.0,1
ham and cheese puff,,Farmstead at Long Meadow Ranch,2024-06-19,wayback,5.0,1
ham apple cheese,,Farmstead at Long Meadow Ranch,2021-05-06,wayback,25.0,1
ham apple cheese,,Farmstead at Long Meadow Ranch,2021-08-02,wayback,25.0,1
ham sandwiches,,Farmstead at Long Meadow Ranch,2021-05-06,wayback,5.0,1
ham sandwiches,,Farmstead at Long Meadow Ranch,2021-05-11,wayback,5.0,1
ham sandwiches,,Farmstead at Long Meadow Ranch,2021-08-02,wayback,5.0,2
ham sandwiches,,Farmstead at Long Meadow Ranch,2024-06-19,wayback,5.0,1
hamachi crudo black rice cracker avocado mousse,,Angele Restaurant & Bar,2016-04-12,wayback,16.0,1
hamachi crudo black rice cracker avocado mousse,,Angele Restaurant & Bar,2016-05-08,wayback,16.0,1
hamachi crudo watercress persimmons quinoa fleur de sel cracker,,Angele Restaurant & Bar,2015-11-06,wayback,16.0,1
hamburger,,Five Guys,2023-11-27,exif,9.05,1
hamburger,,Gott's Napa,2011-03-22,wayback,6.99,2
hamburger,,Gott's Napa,2012-05-15,wayback,6.99,2
hamburger,,Gott's Napa,2012-06-17,wayback,6.99,2
hamburger,,Gott's Napa,2014-08-11,wayback,6.99,2
hamburger,,Gott's Napa,2014-10-29,wayback,6.99,1
hamburger,,Gott's Napa,2014-12-22,wayback,6.99,2
hamburger,,Gott's Napa,2015-02-06,wayback,6.99,2
hamburger,,Gott's Napa,2015-05-13,wayback,6.99,2
hamburger,,Gott's Napa,2015-07-24,wayback,6.99,1
hamburger,,Gott's Napa,2015-11-23,wayback,6.99,1
hamburger,,Gott's Napa,2017-07-22,wayback,7.49,1
hamburger,,Gott's Napa,2021-01-17,wayback,7.99,1
hamburger,,In-N-Out Burger,2026-06-25,exif,3.6,4
hamburger,,In-N-Out Burger,2025-02-25,exif,3.5,1
hamburger,,In-N-Out Burger,2026-06-11,exif,3.6,1
hamburger,,McDonald's,2022-04-16,exif,4.49,1
hamm s,12oz,Gott's Napa,2014-10-29,wayback,3.5,1
harmless harvest,,Gott's Napa,2021-01-17,wayback,4.99,1
hash,,Code 4 Taphouse,2025-11-15,exif,14.95,1
hash browns,,Gott's Napa,2013-04-02,wayback,1.99,1
hashbrowns,LARGE,Burgerville,2026-04-26,exif,3.19,1
hashbrowns,SMALL,Burgerville,2026-04-26,exif,1.89,1
hawaiian,,Barney's Burgers,2024-01-15,dom,10.99,1
hawaiian,,Barney's Burgers,2026-08-05,web,9.45,1
headcheese,,Genova Delicatessen,2026-08-05,fallback,12.95,1
hearty nw oatmeal,,Cartwright's Taprock Northwest Grill,2014-08-01,wayback,5.49,1
heirloom roasted peppers,,Bistro Don Giovanni,2023-12-05,wayback,16.0,1
heirloom tomatoes,,Bistro Don Giovanni,2020-09-21,wayback,18.0,1
hellocello sonoma limoncello,,Angele Restaurant & Bar,2014-09-20,wayback,11.0,1
hemingway daquiri,,Angele Restaurant & Bar,2014-09-20,wayback,12.0,1
hen house ipa,,Bistro Don Giovanni,2023-12-05,wayback,9.0,1
henhouse best life blonde ale,,Bistro Don Giovanni,2021-01-27,wayback,9.0,1
henhouse blonde ale,,Bistro Don Giovanni,2020-03-27,wayback,8.0,1
henhouse blonde ale,,Bistro Don Giovanni,2020-09-21,wayback,9.0,1
henhouse red rye saison,,Bistro Don Giovanni,2020-03-27,wayback,8.0,1
henhouse red rye saison,,Bistro Don Giovanni,2020-09-21,wayback,9.0,2
henhouse saison,,Bistro Don Giovanni,2019-09-19,wayback,8.0,1
henri bourg s les baronnes sancerre,,Bistro Don Giovanni,2022-05-27,wayback,17.0,1
herb roasted rib eye french fries con t of wild mushrooms arugula bernaise sauce,,Angele Restaurant & Bar,2015-02-25,wayback,27.0,1
herb roasted rib eye french fries con t of wild mushrooms arugula bernaise sauce,,Angele Restaurant & Bar,2015-03-05,wayback,27.0,1
heritage ham cheddar omelet,,Cartwright's Taprock Northwest Grill,2014-08-01,wayback,9.69,1
heritage st louis ribs,,Farmstead at Long Meadow Ranch,2026-06-15,pdf,49.0,1
hess cabernet sauvignon allomi vineyard,Half Bottle,Bistro Don Giovanni,2020-09-21,wayback,32.0,1
hess collection chardonnay,,Bistro Don Giovanni,2017-01-10,wayback,12.0,1
hess collection chardonnay su skol,,Bistro Don Giovanni,2019-09-19,wayback,12.0,1
hess collection chardonnay su skol,,Bistro Don Giovanni,2020-03-27,wayback,12.0,1
hess collection chardonnay su skol,,Bistro Don Giovanni,2020-09-21,wayback,13.0,4
hess collection chardonnay su skol,,Bistro Don Giovanni,2021-01-27,wayback,13.0,1
hess collection chardonnay su skol,,Bistro Don Giovanni,2022-01-20,wayback,13.0,1
hess collection chardonnay su skol,,Bistro Don Giovanni,2022-05-27,wayback,13.0,1
hess collection chardonnay su skol,,Bistro Don Giovanni,2023-04-01,wayback,14.0,1
hess collection chardonnay su skol,,Bistro Don Giovanni,2023-12-05,wayback,16.0,2
hollys veggie,,The Depot Eatery,2026-08-05,web,17.0,1
homard en croute,,Angele Restaurant & Bar,2015-02-21,wayback,20.0,1
homeade chili,Bowl,The Depot Eatery,2026-08-05,web,10.0,1
homeade chili,Bread Bowl,The Depot Eatery,2026-08-05,web,12.0,1
homeade chili,Cup,The Depot Eatery,2026-08-05,web,7.0,1
homemade chicken pot pie,,The Depot Eatery,2026-08-05,web,18.0,1
homemade lemonade orange juice grapefruit juice,,Farmstead at Long Meadow Ranch,2021-05-11,wayback,5.0,1
homemade lemonade orange juice grapefruit juice,,Farmstead at Long Meadow Ranch,2021-08-02,wayback,5.0,1
homemade lemonade orange juice grapefruit juice,,Farmstead at Long Meadow Ranch,2024-06-09,wayback,5.0,1
honey cured ham,,Cartwright's Taprock Northwest Grill,2014-08-01,wayback,6.64,2
honey turkey,,Genova Delicatessen,2026-08-05,fallback,12.95,1
honig,,Bistro Don Giovanni,2020-09-21,wayback,36.0,1
hot chocolate,,Cartwright's Taprock Northwest Grill,2014-08-01,wayback,2.39,1
hot chocolate,,Cartwright's Taprock Northwest Grill,2023-06-10,wayback,4.0,1
hot cocoa,,In-N-Out Burger,2026-06-25,exif,2.35,4
hot cocoa,,In-N-Out Burger,2025-02-25,exif,2.2,1
hot cocoa,,In-N-Out Burger,2026-06-11,exif,2.35,1
hot coffee,,Cartwright's Taprock Northwest Grill,2023-06-10,wayback,3.9,1
hot dog,,Barney's Burgers,2026-08-05,web,5.0,1
hot dog,Jumbo,Barney's Burgers,2024-01-15,dom,7.79,1
hot dog,Jumbo,Barney's Burgers,2026-08-05,web,10.75,1
hot dog,Reg,Barney's Burgers,2024-01-15,dom,5.79,1
hot dog,,Gott's Napa,2012-06-17,wayback,6.99,1
hot dog,,Gott's Napa,2014-08-11,wayback,6.99,2
hot dog,,Gott's Napa,2014-10-29,wayback,6.99,1
hot dog,,Gott's Napa,2014-12-22,wayback,6.99,1
hot dog,,Gott's Napa,2015-02-06,wayback,6.99,2
hot dog,,Gott's Napa,2015-02-13,wayback,6.99,1
hot dog,,Gott's Napa,2017-07-22,wayback,6.99,1
hot dog,,Gott's Napa,2021-01-17,wayback,6.99,1
hot herbal tea,,Cartwright's Taprock Northwest Grill,2014-08-01,wayback,2.49,1
hot honey chicken and waffle,,The Depot Eatery,2026-08-05,web,18.0,1
hot italian,,Bistro Don Giovanni,2020-09-21,wayback,23.0,1
hot italian,,Bistro Don Giovanni,2021-01-27,wayback,23.0,1
hot italian,,Bistro Don Giovanni,2023-04-01,wayback,26.0,1
hot italian,,Bistro Don Giovanni,2023-12-05,wayback,26.0,1
hot salami,,Genova Delicatessen,2026-08-05,fallback,12.95,1
hot sauce,,Five Guys,2023-11-27,exif,0.05,1
hot sicilian,,Bistro Don Giovanni,2022-01-20,wayback,24.0,1
hot sicilian sausage,,Bistro Don Giovanni,2020-09-21,wayback,23.0,1
hot tea,,Cartwright's Taprock Northwest Grill,2023-06-10,wayback,3.9,1
house made chili cheddar cheese extra,,Gott's Napa,2012-05-15,wayback,3.0,2
house made chili cheddar cheese extra,,Gott's Napa,2014-08-11,wayback,3.0,2
house made chili cheddar cheese extra,,Gott's Napa,2014-10-29,wayback,3.0,1
house made chili cheddar cheese extra,,Gott's Napa,2014-12-22,wayback,3.0,1
house made chili cheddar cheese extra,,Gott's Napa,2017-07-22,wayback,3.0,1
house made condiments,,Gott's Napa,2026-05-25,exif,4.99,1
house made cookies,,Gott's Napa,2026-05-25,exif,3.99,1
house made lemonade,16oz,Gott's Napa,2015-05-13,wayback,2.49,2
house made lemonade,16oz,Gott's Napa,2015-11-23,wayback,2.49,1
house made lemonade,16oz,Gott's Napa,2017-07-22,wayback,2.69,1
house made lemonade,16oz,Gott's Napa,2021-01-17,wayback,2.99,1
house made lemonade,16oz.,Gott's Napa,2015-07-24,wayback,2.49,1
house made lemonade,24oz,Gott's Napa,2015-11-23,wayback,2.99,1
house made lemonade,24oz,Gott's Napa,2017-07-22,wayback,2.99,1
house made lemonade,24oz,Gott's Napa,2021-01-17,wayback,3.29,1
house made lemonade,24oz.,Gott's Napa,2015-07-24,wayback,2.99,1
house made lemonade,Regular,Gott's Napa,2014-12-22,wayback,2.99,2
house made lemonade,Regular,Gott's Napa,2015-02-06,wayback,2.99,2
house made lemonade,Small,Gott's Napa,2014-12-22,wayback,2.25,2
house made lemonade,Small,Gott's Napa,2015-02-06,wayback,2.25,2
house made meatloaf,,The Depot Eatery,2026-08-05,web,18.0,1
house made pot roast,,The Depot Eatery,2026-08-05,web,18.0,1
house salad,,Gott's Napa,2011-03-22,wayback,6.99,2
house salad,,Gott's Napa,2012-05-15,wayback,6.99,2
house salad,lrg,Perez Kitchen & Bar,2026-08-05,pdf,14.0,1
house salad,sm,Perez Kitchen & Bar,2026-08-05,pdf,8.0,1
house specialty breakfast,,Code 4 Taphouse,2025-11-15,exif,19.95,2
housemade chicken sausage braised cabbage and apples whole grain mustard sauce poached eggs,,Angele Restaurant & Bar,2015-02-25,wayback,20.0,1
housemade chicken sausage braised cabbage and apples whole grain mustard sauce poached eggs,,Angele Restaurant & Bar,2015-03-05,wayback,20.0,1
housemade lemonade,,Farmstead at Long Meadow Ranch,2025-10-15,pdf,7.0,1
housemade pappardelle,,Angele Restaurant & Bar,2017-08-29,wayback,28.0,1
housemade ricotta,,Angele Restaurant & Bar,2017-08-29,wayback,15.0,1
housemade ricotta stonefruit marmalade toasted country bread,,Angele Restaurant & Bar,2015-02-25,wayback,14.0,1
housemade ricotta stonefruit marmalade toasted country bread,,Angele Restaurant & Bar,2015-03-05,wayback,14.0,1
housemade ricotta stonefruit marmalade toasted country bread,,Angele Restaurant & Bar,2015-11-06,wayback,16.0,1
housemade ricotta stonefruit marmalade toasted country bread,,Angele Restaurant & Bar,2016-04-12,wayback,16.0,1
housemade ricotta stonefruit marmalade toasted country bread,,Angele Restaurant & Bar,2016-05-08,wayback,16.0,1
hu tres,,Angele Restaurant & Bar,2015-02-21,wayback,3.0,1
i ll have another,,Angele Restaurant & Bar,2015-03-05,wayback,12.0,1
i m isabel mondavi ros,,Bistro Don Giovanni,2020-09-21,wayback,34.0,1
ice cream or sorbet in a cup,Large,Gott's Napa,2012-05-15,wayback,4.49,2
ice cream or sorbet in a cup,Small,Gott's Napa,2012-05-15,wayback,2.99,2
iced caramel macchiato,,McDonald's,2022-04-16,exif,3.55,1
iced coffee,,Gott's Napa,2021-01-17,wayback,4.99,1
iced coffee bernie s organic,,Gott's Napa,2017-07-22,wayback,3.99,1
iced mocha,,McDonald's,2022-04-16,exif,3.55,1
iced tea,,Bistro Don Giovanni,2017-01-10,wayback,4.0,1
iced tea,,Bistro Don Giovanni,2019-09-19,wayback,4.0,1
iced tea,,Bistro Don Giovanni,2020-03-27,wayback,4.0,1
iced tea,,Bistro Don Giovanni,2020-09-21,wayback,4.0,2
iced tea,,Bistro Don Giovanni,2021-01-27,wayback,4.0,1
iced tea,,Bistro Don Giovanni,2022-01-20,wayback,4.0,1
iced tea,,Bistro Don Giovanni,2022-05-27,wayback,4.0,1
iced tea,,Bistro Don Giovanni,2023-04-01,wayback,4.0,1
iced tea,,Bistro Don Giovanni,2023-12-05,wayback,4.0,2
iced tea,,Gott's Napa,2013-02-28,wayback,3.0,2
iced tea,16oz,Gott's Napa,2015-05-13,wayback,2.49,2
iced tea,16oz,Gott's Napa,2015-11-23,wayback,2.49,1
iced tea,16oz,Gott's Napa,2017-07-22,wayback,2.69,1
iced tea,16oz,Gott's Napa,2021-01-17,wayback,2.69,1
iced tea,16oz.,Gott's Napa,2015-07-24,wayback,2.49,1
iced tea,24oz,Gott's Napa,2015-05-13,wayback,2.99,2
iced tea,24oz,Gott's Napa,2015-11-23,wayback,2.99,1
iced tea,24oz,Gott's Napa,2017-07-22,wayback,2.99,1
iced tea,24oz,Gott's Napa,2021-01-17,wayback,2.99,1
iced tea,24oz.,Gott's Napa,2015-07-24,wayback,2.99,1
iced tea,Regular,Gott's Napa,2011-03-22,wayback,2.49,2
iced tea,Regular,Gott's Napa,2012-05-15,wayback,2.49,2
iced tea,Regular,Gott's Napa,2012-06-17,wayback,2.69,2
iced tea,Regular,Gott's Napa,2014-08-11,wayback,2.99,2
iced tea,Regular,Gott's Napa,2014-10-29,wayback,2.95,1
iced tea,Regular,Gott's Napa,2014-12-22,wayback,2.99,2
iced tea,Regular,Gott's Napa,2015-02-06,wayback,2.99,2
iced tea,Regular,Gott's Napa,2015-02-13,wayback,2.69,1
iced tea,Small,Gott's Napa,2011-03-22,wayback,1.99,2
iced tea,Small,Gott's Napa,2012-05-15,wayback,1.99,2
iced tea,Small,Gott's Napa,2012-06-17,wayback,1.99,2
iced tea,Small,Gott's Napa,2014-08-11,wayback,2.25,2
iced tea,Small,Gott's Napa,2014-10-29,wayback,2.25,1
iced tea,Small,Gott's Napa,2014-12-22,wayback,2.25,2
iced tea,Small,Gott's Napa,2015-02-06,wayback,2.25,2
iced tea,Small,Gott's Napa,2015-02-13,wayback,1.99,1
iced tea,,McDonald's,2022-04-16,exif,1.0,1
il ballerino,,Bistro Don Giovanni,2023-12-05,wayback,15.0,1
impossible burger patty,,Gott's Napa,2021-01-17,wayback,4.0,1
impossible cheeseburger,,Gott's Napa,2021-01-17,wayback,12.99,1
insalata mist,,Bistro Don Giovanni,2020-03-27,wayback,15.0,1
insalata mist,,Bistro Don Giovanni,2020-09-21,wayback,15.0,2
insalata mist,,Bistro Don Giovanni,2021-01-27,wayback,16.0,1
insalata mist,,Bistro Don Giovanni,2022-01-20,wayback,17.0,1
insalata mist,,Bistro Don Giovanni,2022-05-27,wayback,17.0,1
insalata mist,,Bistro Don Giovanni,2023-12-05,wayback,17.5,2
international bar fly,,Angele Restaurant & Bar,2015-03-05,wayback,12.0,1
iris,,Perez Kitchen & Bar,2026-08-05,pdf,17.0,1
irish bolito misto,,Bistro Don Giovanni,2023-04-01,wayback,38.0,1
irish coffee,,Cartwright's Taprock Northwest Grill,2023-06-10,wayback,8.0,1
irish coffee irish whiskey coffee,,Cartwright's Taprock Northwest Grill,2014-08-01,wayback,6.5,1
irish minestrone,,Bistro Don Giovanni,2023-04-01,wayback,16.0,1
isabela,,Perez Kitchen & Bar,2026-08-05,pdf,22.0,1
isole e olena chianti classico,Half Bottle,Bistro Don Giovanni,2020-09-21,wayback,34.0,1
italian blood orange caffeine free,,Angele Restaurant & Bar,2014-09-20,wayback,4.0,1
italian breakfast sandwich,,Perez Kitchen & Bar,2026-08-05,pdf,15.0,1
italian combo,,Genova Delicatessen,2026-08-05,fallback,12.95,1
italian greyhound,,Bistro Don Giovanni,2017-01-10,wayback,11.0,1
italian greyhound,,Bistro Don Giovanni,2019-09-19,wayback,12.0,1
italian greyhound,,Bistro Don Giovanni,2020-03-27,wayback,12.0,1
italian greyhound,,Bistro Don Giovanni,2020-09-21,wayback,13.0,2
italian greyhound,,Bistro Don Giovanni,2021-01-27,wayback,14.0,1
italian greyhound,,Bistro Don Giovanni,2022-01-20,wayback,14.0,1
jack s spicy chicken meal,,Jack in the Box,2025-08-11,exif,12.0,1
jalape o pepper jack,,Barney's Burgers,2024-01-15,dom,10.99,1
jalape o pepper jack,,Barney's Burgers,2026-08-05,web,9.45,1
jalapeno peppers,,Five Guys,2023-11-27,exif,0.05,1
jalapeno poppers,,The Depot Eatery,2026-08-05,web,7.5,2
jameson orange mule,,Cartwright's Taprock Northwest Grill,2023-06-10,wayback,12.0,1
japanese green tea medium caffeine,,Angele Restaurant & Bar,2014-09-20,wayback,4.0,1
jelly jar 11 zinfandel,,Gott's Napa,2013-02-28,wayback,27.0,2
jelly jar 11 zinfandel,,Gott's Napa,2015-02-13,wayback,18.0,2
jelly jar 11 zinfandel,Bottle,Gott's Napa,2014-08-11,wayback,27.0,2
jelly jar 11 zinfandel,Bottle,Gott's Napa,2014-10-29,wayback,27.0,1
jelly jar 11 zinfandel,Bottle,Gott's Napa,2014-12-22,wayback,30.0,1
jelly jar 11 zinfandel,Glass,Gott's Napa,2014-08-11,wayback,9.0,2
jelly jar 11 zinfandel,Glass,Gott's Napa,2014-10-29,wayback,9.0,1
jelly jar 11 zinfandel,Glass,Gott's Napa,2014-12-22,wayback,10.0,1
jelly jar ros,,Gott's Napa,2015-07-24,wayback,9.0,1
jelly jar ros lake county,,Gott's Napa,2015-05-13,wayback,9.0,1
jelly jar ros lake county,Bottle,Gott's Napa,2014-12-22,wayback,30.0,1
jelly jar ros lake county,Bottle,Gott's Napa,2015-05-13,wayback,27.0,2
jelly jar ros lake county,Glass,Gott's Napa,2014-12-22,wayback,10.0,1
jelly jar ros lake county,Glass,Gott's Napa,2015-05-13,wayback,9.0,1
joseph phelps,,Bistro Don Giovanni,2020-09-21,wayback,85.0,1
jubilee lagrein,,Bistro Don Giovanni,2017-01-10,wayback,11.0,1
juice green or carrot ginger,,Farmstead at Long Meadow Ranch,2021-05-11,wayback,11.0,1
juice green or carrot ginger,,Farmstead at Long Meadow Ranch,2021-08-02,wayback,11.0,1
juice green or carrot ginger,,Farmstead at Long Meadow Ranch,2024-06-19,wayback,11.0,1
juices,,Bistro Don Giovanni,2017-01-10,wayback,4.0,1
juices,,Bistro Don Giovanni,2019-09-19,wayback,6.0,1
juices,,Bistro Don Giovanni,2020-03-27,wayback,6.0,1
juices,,Bistro Don Giovanni,2020-09-21,wayback,6.0,2
juices,,Bistro Don Giovanni,2021-01-27,wayback,6.0,1
juices,,Bistro Don Giovanni,2022-01-20,wayback,6.0,1
juices,,Bistro Don Giovanni,2022-05-27,wayback,6.0,1
juices,,Bistro Don Giovanni,2023-04-01,wayback,6.0,1
juices,,Bistro Don Giovanni,2023-12-05,wayback,6.0,2
juices,,Cartwright's Taprock Northwest Grill,2023-06-10,wayback,5.0,1
juices,Lg,Cartwright's Taprock Northwest Grill,2014-08-01,wayback,3.29,1
juices,Sm,Cartwright's Taprock Northwest Grill,2014-08-01,wayback,2.29,1
jumbo jack cheeseburger combo,,Jack in the Box,2025-08-11,exif,9.69,2
just eggs,,Cartwright's Taprock Northwest Grill,2014-08-01,wayback,8.29,1
kabocha tortellini,,Angele Restaurant & Bar,2013-04-18,wayback,22.0,1
kale,,Gott's Napa,2017-07-22,wayback,7.99,1
kale,,Gott's Napa,2021-01-17,wayback,7.99,1
kale and fall greens salad soft cow s milk cheese hazelnuts apples pomegranates,,Angele Restaurant & Bar,2015-11-06,wayback,16.0,1
kale salad,,Farmstead at Long Meadow Ranch,2021-05-06,wayback,25.0,1
kale salad,,Farmstead at Long Meadow Ranch,2021-08-02,wayback,25.0,1
kale salad,,Gott's Napa,2014-08-11,wayback,6.99,2
kale salad,,Gott's Napa,2014-12-22,wayback,6.99,2
kale salad,,Gott's Napa,2015-02-06,wayback,7.99,2
kale salad,,Gott's Napa,2015-05-13,wayback,7.99,2
kale salad,,Gott's Napa,2015-07-24,wayback,7.99,1
kale salad,,Gott's Napa,2015-11-23,wayback,7.99,1
kanpachi crudo,,Angele Restaurant & Bar,2017-08-29,wayback,18.0,1
karl lawrence 06 cabernet sauvignon napa valley,,Gott's Napa,2012-05-15,wayback,31.0,2
karl lawrence 06 cabernet sauvignon napa valley,Half Bottle,Gott's Napa,2011-03-22,wayback,29.0,1
kelly flemming,,Bistro Don Giovanni,2020-09-21,wayback,80.0,1
kelt xo cognac,,Angele Restaurant & Bar,2014-09-20,wayback,26.0,1
kendall jackson cabernet sauvignon,Half Bottle,Bistro Don Giovanni,2020-09-21,wayback,26.0,1
kendall jackson chardonnay,Half Bottle,Bistro Don Giovanni,2020-09-21,wayback,24.0,1
ketchup,,Five Guys,2023-11-27,exif,1.1,1
kid s,,Gott's Napa,2013-02-28,wayback,1750.0,1
kids chicken tenders,,Gott's Napa,2014-12-22,wayback,6.99,1
kids combo,,Gott's Napa,2012-06-17,wayback,8.49,1
kids grilled cheese,,Gott's Napa,2014-12-22,wayback,6.99,1
kids hot dog,,Gott's Napa,2014-12-22,wayback,6.99,1
kids plain burger,,Gott's Napa,2014-12-22,wayback,6.99,1
kieren,,Perez Kitchen & Bar,2026-08-05,pdf,20.0,1
kimchi burger,,Gott's Napa,2017-07-22,wayback,12.99,1
kimchi burger,,Gott's Napa,2021-01-17,wayback,12.99,1
kina l avion d or vin ap ritif,,Angele Restaurant & Bar,2015-03-05,wayback,10.0,1
kistler le noisetiers,,Bistro Don Giovanni,2020-09-21,wayback,115.0,1
klotz hyde vineyard,,Bistro Don Giovanni,2020-09-21,wayback,92.0,1
kosta browne gap s crown vineyard,,Bistro Don Giovanni,2020-09-21,wayback,260.0,1
kosta browne pinot noir,Half Bottle,Bistro Don Giovanni,2020-09-21,wayback,96.0,1
kraut dog,,Barney's Burgers,2026-08-05,web,9.25,1
kraut dog,Jumbo,Barney's Burgers,2026-08-05,web,10.75,1
kronenbourg 1664 lager france,,Angele Restaurant & Bar,2015-03-05,wayback,5.0,1
krupp brothers stagecoach vineyards,,Bistro Don Giovanni,2020-09-21,wayback,120.0,1
krusty dog,,Barney's Burgers,2024-01-15,dom,8.99,1
kung fu girl 13 riesling,Bottle,Gott's Napa,2014-08-11,wayback,18.0,2
kung fu girl 13 riesling,Bottle,Gott's Napa,2014-10-29,wayback,18.0,1
kung fu girl 13 riesling,Bottle,Gott's Napa,2014-12-22,wayback,21.0,1
kung fu girl 13 riesling,Glass,Gott's Napa,2014-08-11,wayback,6.0,2
kung fu girl 13 riesling,Glass,Gott's Napa,2014-10-29,wayback,6.0,1
kung fu girl 13 riesling,Glass,Gott's Napa,2014-12-22,wayback,7.0,1
kung fu girl 13 riesling columbia valley washington,Bottle,Gott's Napa,2014-12-22,wayback,21.0,1
kung fu girl 13 riesling columbia valley washington,Glass,Gott's Napa,2014-12-22,wayback,7.0,1
l garnier chartreuse green v e p,,Angele Restaurant & Bar,2014-09-20,wayback,15.0,1
l gumes d hiver,,Angele Restaurant & Bar,2015-02-21,wayback,8.0,1
la coume maury lt harvest grenache 07,,Angele Restaurant & Bar,2014-09-20,wayback,15.0,1
la follette 10 pinot noir,,Gott's Napa,2013-02-28,wayback,33.0,2
la follette 10 pinot noir,Bottle,Gott's Napa,2012-06-17,wayback,33.0,2
la follette 10 pinot noir,Glass,Gott's Napa,2012-06-17,wayback,11.0,2
la jota howell mountain,,Bistro Don Giovanni,2020-09-21,wayback,140.0,1
la maschera prosecco,,Bistro Don Giovanni,2017-01-10,wayback,12.0,1
la maschera prosecco,,Bistro Don Giovanni,2020-03-27,wayback,12.0,1
la maschera prosecco,,Bistro Don Giovanni,2020-09-21,wayback,13.0,1
la maschera prosecco,,Bistro Don Giovanni,2022-05-27,wayback,13.0,1
la maschera prosecco extra dry veneto italy,,Bistro Don Giovanni,2019-09-19,wayback,12.0,1
la maschera prosecco extra dry veneto italy,,Bistro Don Giovanni,2020-09-21,wayback,13.0,3
la maschera prosecco extra dry veneto italy,,Bistro Don Giovanni,2021-01-27,wayback,13.0,1
la maschera prosecco extra dry veneto italy,,Bistro Don Giovanni,2022-01-20,wayback,13.0,1
la maschera prosecco extra dry veneto italy,,Bistro Don Giovanni,2023-04-01,wayback,13.0,1
la maschera prosecco extra dry veneto italy,,Bistro Don Giovanni,2023-12-05,wayback,13.0,2
la pitchoune english hill vineyard,,Bistro Don Giovanni,2020-09-21,wayback,86.0,1
la scolca gavi,,Bistro Don Giovanni,2020-09-21,wayback,86.0,1
la tunella pinot grigio,,Bistro Don Giovanni,2017-01-10,wayback,10.0,1
la vida flora,,Bistro Don Giovanni,2023-12-05,wayback,16.0,2
lagavulin islay 16 yr,,Angele Restaurant & Bar,2014-09-20,wayback,15.0,1
lagunitas ipa,,Bistro Don Giovanni,2017-01-10,wayback,6.0,1
lagunitas ipa,,Bistro Don Giovanni,2019-09-19,wayback,6.0,1
lagunitas ipa,,Bistro Don Giovanni,2020-03-27,wayback,6.0,1
lagunitas ipa,,Bistro Don Giovanni,2020-09-21,wayback,7.0,2
lagunitas ipa,,Bistro Don Giovanni,2021-01-27,wayback,7.0,1
lagunitas ipa,,Bistro Don Giovanni,2022-01-20,wayback,7.0,1
lagunitas ipa,,Bistro Don Giovanni,2022-05-27,wayback,7.0,1
lagunitas ipa,,Bistro Don Giovanni,2023-04-01,wayback,7.0,1
lagunitas ipa,,Bistro Don Giovanni,2023-12-05,wayback,7.5,2
lagunitas ipa,,Gott's Napa,2015-05-13,wayback,6.0,2
lagunitas ipa,,Gott's Napa,2015-07-24,wayback,6.5,1
lagunitas ipa,,Gott's Napa,2017-07-22,wayback,7.0,1
lagunitas ipa,,Gott's Napa,2021-01-17,wayback,7.0,1
lagunitas ipa,16oz,Gott's Napa,2014-12-22,wayback,6.0,1
lagunitas ipa,16oz,Gott's Napa,2015-11-23,wayback,6.5,1
lagunitas ipa,Draft,Gott's Napa,2015-02-06,wayback,6.0,1
lagunitas ipa,Draft (16oz),Gott's Napa,2014-08-11,wayback,6.0,1
lagunitas ipa,Draft (16oz),Gott's Napa,2014-12-22,wayback,6.0,1
lagunitas ipa draft,16oz,Gott's Napa,2014-08-11,wayback,6.0,1
laird ghost ranch,,Bistro Don Giovanni,2020-09-21,wayback,74.0,1
lang reed cabernet franc,,Gott's Napa,2012-05-15,wayback,15.0,2
lang reed cabernet franc,,Gott's Napa,2012-06-17,wayback,18.0,2
lang reed cabernet franc,,Gott's Napa,2015-02-13,wayback,20.0,2
lang reed cabernet franc,Half Bottle,Gott's Napa,2011-03-22,wayback,15.0,1
lang reed cabernet franc,Half Bottle,Gott's Napa,2015-02-06,wayback,17.0,1
lang reed cabernet franc,Half Bottle,Gott's Napa,2017-07-22,wayback,20.0,1
lang reed cabernet franc,Half Bottle,Gott's Napa,2021-01-17,wayback,23.0,1
lang reed cabernet franc north coast,,Gott's Napa,2015-02-06,wayback,17.0,1
lang reed cabernet franc north coast,Half Bottle,Gott's Napa,2015-05-13,wayback,17.0,1
lang reed cabernet franc north coast,Half Bottle,Gott's Napa,2015-11-23,wayback,17.0,1
lang reed cabernet franc north coast,half bottle,Gott's Napa,2015-05-13,wayback,17.0,1
large drink,32 fl oz,Five Guys,2023-11-27,exif,3.15,1
lasagna,,Genova Delicatessen,2024-08-31,exif,15.95,1
lasagna,,Genova Delicatessen,2026-08-05,fallback,15.95,1
lasagna bolognese,,Bistro Don Giovanni,2021-01-27,wayback,26.0,1
lasagna bolognese,,Bistro Don Giovanni,2022-01-20,wayback,29.0,1
latt,,Cartwright's Taprock Northwest Grill,2014-08-01,wayback,3.29,1
latte,,McDonald's,2022-04-16,exif,3.55,1
le cassematte peloro grillo e carricante,,Bistro Don Giovanni,2019-09-19,wayback,14.0,1
le cassematte peloro grillo e carricante,,Bistro Don Giovanni,2020-03-27,wayback,14.0,1
le chiuse brunello di montalcino,Half Bottle,Bistro Don Giovanni,2020-09-21,wayback,78.0,1
le volte dell ornellaia tuscan red,,Bistro Don Giovanni,2021-01-27,wayback,18.0,1
lemon sage press,,Angele Restaurant & Bar,2015-03-05,wayback,12.0,1
lemonade,,Gott's Napa,2013-02-28,wayback,3.0,2
lemonade,Regular,Gott's Napa,2011-03-22,wayback,2.49,2
lemonade,Regular,Gott's Napa,2012-05-15,wayback,2.49,2
lemonade,Regular,Gott's Napa,2012-06-17,wayback,2.69,2
lemonade,Regular,Gott's Napa,2014-08-11,wayback,2.99,2
lemonade,Regular,Gott's Napa,2014-10-29,wayback,2.95,1
lemonade,Regular,Gott's Napa,2015-02-13,wayback,2.69,1
lemonade,Small,Gott's Napa,2011-03-22,wayback,1.99,2
lemonade,Small,Gott's Napa,2012-05-15,wayback,1.99,2
lemonade,Small,Gott's Napa,2012-06-17,wayback,1.99,2
lemonade,Small,Gott's Napa,2014-08-11,wayback,2.25,2
lemonade,Small,Gott's Napa,2014-10-29,wayback,2.25,1
lemonade,Small,Gott's Napa,2015-02-13,wayback,1.99,1
lemorton reserve deux calvados,,Angele Restaurant & Bar,2014-09-20,wayback,13.0,1
lentilles aux lardons,,Angele Restaurant & Bar,2013-04-18,wayback,8.0,1
lentilles aux lardons,,Angele Restaurant & Bar,2013-06-27,wayback,8.0,1
lentils,,Angele Restaurant & Bar,2017-08-29,wayback,9.0,1
let s be frank hot dog,,Gott's Napa,2012-05-15,wayback,5.99,2
let s be frank hot dog,,Gott's Napa,2012-06-17,wayback,6.99,1
lettuce,,Five Guys,2023-11-27,exif,0.05,1
levain crusted lobster and shrimp boudin israeli couscous broccolini lobster sauce,,Angele Restaurant & Bar,2015-02-25,wayback,20.0,1
levain crusted lobster and shrimp boudin israeli couscous broccolini lobster sauce,,Angele Restaurant & Bar,2015-03-05,wayback,17.0,1
lillet,,Angele Restaurant & Bar,2015-03-05,wayback,10.0,1
lillet,,Bistro Don Giovanni,2017-01-10,wayback,8.5,1
lillet,,Bistro Don Giovanni,2019-09-19,wayback,9.0,1
lillet,,Bistro Don Giovanni,2020-03-27,wayback,9.0,1
lillet,,Bistro Don Giovanni,2020-09-21,wayback,10.0,2
lillet,,Bistro Don Giovanni,2021-01-27,wayback,10.0,1
lillet ros,,Angele Restaurant & Bar,2015-03-05,wayback,10.0,1
little bacon burger,,Five Guys,2023-11-27,exif,8.3,1
little bacon cheeseburger,,Five Guys,2023-11-27,exif,9.05,1
little cheeseburger,,Five Guys,2023-11-27,exif,8.05,1
little gem lettuces fine herbs red wine vinaigrette,,Angele Restaurant & Bar,2015-02-25,wayback,10.0,1
little gem lettuces fine herbs red wine vinaigrette,,Angele Restaurant & Bar,2015-03-05,wayback,10.0,1
little gem lettuces fine herbs red wine vinaigrette,,Angele Restaurant & Bar,2015-11-06,wayback,12.0,1
little gem lettuces fine herbs red wine vinaigrette,,Angele Restaurant & Bar,2016-04-12,wayback,12.0,1
little gem lettuces fine herbs red wine vinaigrette,,Angele Restaurant & Bar,2016-05-08,wayback,12.0,1
little gem salad,,Gott's Napa,2014-10-29,wayback,9.99,1
little hamburger,,Five Guys,2023-11-27,exif,7.05,1
littorai mays canyon,,Bistro Don Giovanni,2020-09-21,wayback,164.0,1
littorai the haven vineyard,,Bistro Don Giovanni,2020-09-21,wayback,180.0,1
livio felluga pinot grigio,,Bistro Don Giovanni,2020-09-21,wayback,52.0,1
lmr grass fed beef,,Farmstead at Long Meadow Ranch,2021-05-06,wayback,30.0,1
lmr grass fed beef,,Farmstead at Long Meadow Ranch,2021-05-11,wayback,30.0,1
lmr grass fed beef,,Farmstead at Long Meadow Ranch,2021-08-02,wayback,30.0,2
lmr grass fed beef,,Farmstead at Long Meadow Ranch,2024-06-19,wayback,30.0,1
lmr grass fed lamb,,Farmstead at Long Meadow Ranch,2021-05-06,wayback,15.0,1
lmr grass fed lamb,,Farmstead at Long Meadow Ranch,2021-05-11,wayback,15.0,1
lmr grass fed lamb,,Farmstead at Long Meadow Ranch,2021-08-02,wayback,15.0,2
lmr grass fed lamb,,Farmstead at Long Meadow Ranch,2024-06-19,wayback,15.0,1
loco moco,,Cartwright's Taprock Northwest Grill,2023-06-10,wayback,16.0,1
longe de porc,,Angele Restaurant & Bar,2012-04-09,wayback,28.0,1
lucky hand cali common organic,,Gott's Napa,2015-02-13,wayback,9.5,1
lucy 13 ros,Bottle,Gott's Napa,2014-08-11,wayback,18.0,2
lucy 13 ros,Glass,Gott's Napa,2014-08-11,wayback,5.0,2
lucy 13 ros,Glass,Gott's Napa,2014-12-22,wayback,5.0,1
lucy 13 ros santa lucia highlands,Glass,Gott's Napa,2014-12-22,wayback,5.0,1
luigi einaudi dolcetto di dogliani,,Bistro Don Giovanni,2017-01-10,wayback,12.0,1
luli 12 pinot noir,Bottle,Gott's Napa,2014-08-11,wayback,33.0,2
luli 12 pinot noir,Bottle,Gott's Napa,2014-12-22,wayback,33.0,1
luli 12 pinot noir,Glass,Gott's Napa,2014-08-11,wayback,11.0,2
luli 12 pinot noir,Glass,Gott's Napa,2014-12-22,wayback,11.0,1
luli 12 pinot noir santa lucia highlands,Bottle,Gott's Napa,2014-12-22,wayback,33.0,1
luli 12 pinot noir santa lucia highlands,Glass,Gott's Napa,2014-12-22,wayback,11.0,1
luna vineyards pinot grigio,,Bistro Don Giovanni,2017-01-10,wayback,10.0,1
luna vineyards pinot grigio,,Bistro Don Giovanni,2020-03-27,wayback,10.0,1
luna vineyards pinot grigio,,Bistro Don Giovanni,2020-09-21,wayback,30.0,4
luna vineyards pinot grigio,,Bistro Don Giovanni,2021-01-27,wayback,12.0,1
luna vineyards pinot grigio napa valley,,Bistro Don Giovanni,2019-09-19,wayback,10.0,1
luna vineyards pinot grigio napa valley,,Bistro Don Giovanni,2020-09-21,wayback,12.0,1
lutheran,,Barney's Burgers,2024-01-15,dom,11.99,1
luxardo amaretto saschira,,Angele Restaurant & Bar,2014-09-20,wayback,9.0,1
luxardo sambuca,,Angele Restaurant & Bar,2014-09-20,wayback,9.0,1
m d cuv e lt harvest royal tokaji 09,,Angele Restaurant & Bar,2014-09-20,wayback,11.0,1
mac and cheese,,Farmstead at Long Meadow Ranch,2025-10-15,pdf,14.0,1
mac and cheese,,Farmstead at Long Meadow Ranch,2026-06-15,pdf,18.0,1
mac and cheese with sonoma cheddar,,Farmstead at Long Meadow Ranch,2021-05-11,wayback,8.0,1
mac and cheese with sonoma cheddar,,Farmstead at Long Meadow Ranch,2021-07-28,wayback,8.0,1
mac and cheese with sonoma cheddar,,Farmstead at Long Meadow Ranch,2021-08-02,wayback,8.0,1
macallan 12 yr,,Angele Restaurant & Bar,2014-09-20,wayback,11.0,1
macaroni and cheese,,Angele Restaurant & Bar,2017-08-29,wayback,10.0,1
macaroni gratin,,Angele Restaurant & Bar,2015-02-25,wayback,8.0,1
macaroni gratin,,Angele Restaurant & Bar,2015-03-05,wayback,8.0,1
madagascar vanilla shake,12oz,Gott's Napa,2014-08-11,wayback,5.99,1
madagascar vanilla shake,16oz,Gott's Napa,2014-08-11,wayback,6.99,1
mahi mahi tacos,,Gott's Napa,2014-08-11,wayback,13.99,2
mahi mahi tacos,,Gott's Napa,2014-12-22,wayback,13.99,2
mahi mahi tacos,,Gott's Napa,2015-02-06,wayback,13.99,2
mahi mahi tacos,,Gott's Napa,2015-05-13,wayback,13.99,2
mahi mahi tacos,,Gott's Napa,2015-07-24,wayback,13.99,1
mahi mahi tacos,,Gott's Napa,2015-11-23,wayback,13.99,1
mahi mahi tacos,,Gott's Napa,2017-07-22,wayback,13.99,1
mahi mahi tacos,,Gott's Napa,2021-01-17,wayback,13.99,1
malibu chicken,,Barney's Burgers,2026-08-05,web,9.95,1
malt,Large,Barney's Burgers,2026-08-05,web,10.3,1
malt,Medium,Barney's Burgers,2026-08-05,web,7.0,1
malt,Small,Barney's Burgers,2026-08-05,web,5.5,1
malt extra,,Gott's Napa,2012-05-15,wayback,1.25,1
malts add,,Barney's Burgers,2024-01-15,dom,0.49,1
malts add,,Barney's Burgers,2025-08-18,exif,0.49,1
malts add,,Barney's Burgers,2025-11-21,exif,1.0,1
mama s little yella pils,,Gott's Napa,2015-02-13,wayback,4.5,1
mamma concetta s meatballs,,Bistro Don Giovanni,2019-09-19,wayback,14.0,1
mamma concetta s meatballs,,Bistro Don Giovanni,2020-03-27,wayback,14.0,1
mamma concetta s meatballs,,Bistro Don Giovanni,2020-09-21,wayback,15.0,2
mamma concetta s meatballs,,Bistro Don Giovanni,2021-01-27,wayback,16.0,1
mamma concetta s meatballs,,Bistro Don Giovanni,2022-01-20,wayback,16.0,1
mamma concetta s meatballs,,Bistro Don Giovanni,2022-05-27,wayback,16.0,1
mamma concetta s meatballs,,Bistro Don Giovanni,2023-04-01,wayback,17.0,1
mamma concetta s meatballs,,Bistro Don Giovanni,2023-12-05,wayback,17.5,2
mandilli,,Bistro Don Giovanni,2017-01-10,wayback,17.0,1
mandilli,,Bistro Don Giovanni,2019-09-19,wayback,22.0,1
mandilli,,Bistro Don Giovanni,2020-03-27,wayback,22.0,1
mandilli,,Bistro Don Giovanni,2020-09-21,wayback,24.0,2
mandilli,,Bistro Don Giovanni,2021-01-27,wayback,26.0,1
mandilli,,Bistro Don Giovanni,2022-01-20,wayback,27.0,1
mandilli,,Bistro Don Giovanni,2022-05-27,wayback,27.0,1
mandilli,,Bistro Don Giovanni,2023-04-01,wayback,29.0,1
mandilli,,Bistro Don Giovanni,2023-12-05,wayback,30.0,2
manifesto cabernet sauvignon,Bottle,Gott's Napa,2014-10-29,wayback,24.0,1
manifesto cabernet sauvignon,Glass,Gott's Napa,2014-10-29,wayback,8.0,1
maple bacon french toast,,Cartwright's Taprock Northwest Grill,2014-08-01,wayback,10.99,1
marchetti verdicchio,,Bistro Don Giovanni,2017-01-10,wayback,12.0,1
mare island survivor s tale pale ale,,Bistro Don Giovanni,2021-01-27,wayback,9.0,1
mare island survivor s tale pale ale,,Bistro Don Giovanni,2022-01-20,wayback,9.0,1
mare island survivor s tale pale ale,,Bistro Don Giovanni,2022-05-27,wayback,9.0,1
mare island survivor s tale pale ale,,Bistro Don Giovanni,2023-04-01,wayback,9.0,1
mare island survivor s tale pale ale,,Bistro Don Giovanni,2023-12-05,wayback,9.0,2
margherita,,Bistro Don Giovanni,2017-01-10,wayback,17.0,1
margherita,,Bistro Don Giovanni,2019-09-19,wayback,19.0,1
margherita,,Bistro Don Giovanni,2020-03-27,wayback,19.0,1
margherita,,Bistro Don Giovanni,2020-09-21,wayback,20.0,2
margherita,,Bistro Don Giovanni,2021-01-27,wayback,21.0,1
margherita,,Bistro Don Giovanni,2022-01-20,wayback,23.0,1
margherita,,Bistro Don Giovanni,2022-05-27,wayback,23.0,1
margherita,,Bistro Don Giovanni,2023-04-01,wayback,25.0,1
margherita,,Bistro Don Giovanni,2023-12-05,wayback,25.0,2
marinated olives,,Angele Restaurant & Bar,2015-11-06,wayback,6.0,1
marinated olives,,Angele Restaurant & Bar,2016-04-12,wayback,7.0,1
marisa cuomo furore,,Bistro Don Giovanni,2017-01-10,wayback,15.0,1
marisa cuomo furore,,Bistro Don Giovanni,2020-09-21,wayback,58.0,1
markham,,Bistro Don Giovanni,2020-09-21,wayback,43.0,1
marolo di barolo 12 yr grappa,,Angele Restaurant & Bar,2014-09-20,wayback,18.0,1
marolo grappa chamomile,,Angele Restaurant & Bar,2014-09-20,wayback,18.0,1
marseille fizz,,Angele Restaurant & Bar,2015-02-25,wayback,12.0,1
marseille fizz ricard elder ower liquor lemon juice topped with soda,,Angele Restaurant & Bar,2015-03-05,wayback,12.0,1
mas amiel mill sime lt harvest grenache 90,,Angele Restaurant & Bar,2014-09-20,wayback,20.0,1
mashed potatoes,,Bistro Don Giovanni,2017-01-10,wayback,7.0,1
mashed potatoes,,Bistro Don Giovanni,2019-09-19,wayback,7.0,1
mashed potatoes,,Bistro Don Giovanni,2020-03-27,wayback,7.0,1
mashed potatoes,,Bistro Don Giovanni,2020-09-21,wayback,7.0,2
mashed potatoes,,Bistro Don Giovanni,2021-01-27,wayback,7.0,1
mashed potatoes,,Bistro Don Giovanni,2022-01-20,wayback,7.0,1
mashed potatoes,,Bistro Don Giovanni,2022-05-27,wayback,7.0,1
mashed potatoes,,Bistro Don Giovanni,2023-04-01,wayback,7.0,1
mashed potatoes,,Bistro Don Giovanni,2023-12-05,wayback,8.0,2
mason,,Bistro Don Giovanni,2020-09-21,wayback,36.0,1
mason 12 sauvignon blanc,,Gott's Napa,2012-06-17,wayback,11.0,1
mason 12 sauvignon blanc,,Gott's Napa,2014-12-22,wayback,11.0,1
mason 12 sauvignon blanc,Half Bottle,Gott's Napa,2011-03-22,wayback,10.0,1
mason 12 sauvignon blanc,Half Bottle,Gott's Napa,2014-08-11,wayback,11.0,1
mason 12 sauvignon blanc,Half Bottle,Gott's Napa,2014-10-29,wayback,11.0,1
mason 12 sauvignon blanc,Half Bottle,Gott's Napa,2015-02-06,wayback,11.0,1
mason 12 sauvignon blanc,Half Bottle,Gott's Napa,2015-02-13,wayback,11.0,1
mason 12 sauvignon blanc,Half Bottle,Gott's Napa,2017-07-22,wayback,13.0,1
mason 12 sauvignon blanc,Half bottle,Gott's Napa,2014-08-11,wayback,11.0,1
mason 12 sauvignon blanc napa valley,,Gott's Napa,2012-05-15,wayback,10.0,2
mason 12 sauvignon blanc napa valley,,Gott's Napa,2012-06-17,wayback,11.0,1
mason 12 sauvignon blanc napa valley,,Gott's Napa,2014-12-22,wayback,11.0,1
mason 12 sauvignon blanc napa valley,,Gott's Napa,2015-02-06,wayback,11.0,1
mason 12 sauvignon blanc napa valley,Half Bottle,Gott's Napa,2015-05-13,wayback,11.0,1
mason 12 sauvignon blanc napa valley,Half Bottle,Gott's Napa,2015-11-23,wayback,11.0,1
mason 12 sauvignon blanc napa valley,half bottle,Gott's Napa,2015-05-13,wayback,11.0,1
massican annia,,Bistro Don Giovanni,2020-09-21,wayback,68.0,1
mayo,,Five Guys,2023-11-27,exif,1.1,1
mazzei fonterutoli chianti classico,,Bistro Don Giovanni,2023-12-05,wayback,17.0,1
mcflurry,,McDonald's,2022-04-16,exif,3.99,1
meat ball or sausage,,Genova Delicatessen,2026-08-05,fallback,13.95,1
meat ball or sausage sandwich w sauted onions peppers,,Genova Delicatessen,2024-08-31,exif,13.95,1
meat lovers,,The Depot Eatery,2026-08-05,web,18.0,1
meat n eggs,,Cartwright's Taprock Northwest Grill,2023-06-10,wayback,10.0,2
meatball panini,,Bistro Don Giovanni,2021-01-27,wayback,16.0,1
meatloaf sandwich,,River's Edge Restaurant,2026-07-16,exif,20.0,1
meatloaf sandwich,,The Depot Eatery,2026-08-05,web,18.0,1
mediterranean mussels white wine garlic herbs toasted baguette,,Angele Restaurant & Bar,2015-02-25,wayback,18.0,1
mediterranean mussels white wine garlic herbs toasted baguette,,Angele Restaurant & Bar,2015-03-05,wayback,18.0,1
mediterranean mussels white wine garlic herbs toasted baguette,,Angele Restaurant & Bar,2016-05-08,wayback,18.0,1
meiomi 10 pinot noir california,Bottle,Gott's Napa,2012-05-15,wayback,27.0,2
meiomi 10 pinot noir california,Glass,Gott's Napa,2012-05-15,wayback,9.0,2
merryvale starmont 11 cabernet sauvignon,,Gott's Napa,2012-05-15,wayback,14.0,2
merryvale starmont 11 cabernet sauvignon,,Gott's Napa,2012-06-17,wayback,15.0,2
merryvale starmont 11 cabernet sauvignon,,Gott's Napa,2014-12-22,wayback,18.0,2
merryvale starmont 11 cabernet sauvignon,,Gott's Napa,2015-02-06,wayback,18.0,1
merryvale starmont 11 cabernet sauvignon,Half Bottle,Gott's Napa,2011-03-22,wayback,14.0,1
merryvale starmont 11 cabernet sauvignon,Half Bottle,Gott's Napa,2014-08-11,wayback,16.0,1
merryvale starmont 11 cabernet sauvignon,Half Bottle,Gott's Napa,2014-10-29,wayback,15.0,1
merryvale starmont 11 cabernet sauvignon,Half Bottle,Gott's Napa,2015-02-06,wayback,18.0,1
merryvale starmont 11 cabernet sauvignon,Half Bottle,Gott's Napa,2015-02-13,wayback,15.0,1
merryvale starmont 11 cabernet sauvignon,Half Bottle,Gott's Napa,2015-05-13,wayback,18.0,1
merryvale starmont 11 cabernet sauvignon,Half Bottle,Gott's Napa,2015-11-23,wayback,18.0,1
merryvale starmont 11 cabernet sauvignon,Half bottle,Gott's Napa,2014-08-11,wayback,16.0,1
merryvale starmont 11 cabernet sauvignon,half bottle,Gott's Napa,2015-05-13,wayback,18.0,1
merryvale starmont 12 chardonnay,,Gott's Napa,2012-06-17,wayback,12.0,1
merryvale starmont 12 chardonnay,,Gott's Napa,2014-12-22,wayback,15.0,1
merryvale starmont 12 chardonnay,Half Bottle,Gott's Napa,2011-03-22,wayback,11.0,1
merryvale starmont 12 chardonnay,Half Bottle,Gott's Napa,2014-08-11,wayback,13.0,1
merryvale starmont 12 chardonnay,Half Bottle,Gott's Napa,2014-10-29,wayback,12.0,1
merryvale starmont 12 chardonnay,Half Bottle,Gott's Napa,2015-02-06,wayback,15.0,1
merryvale starmont 12 chardonnay,Half Bottle,Gott's Napa,2015-02-13,wayback,12.0,1
merryvale starmont 12 chardonnay,Half Bottle,Gott's Napa,2017-07-22,wayback,17.0,1
merryvale starmont 12 chardonnay,Half bottle,Gott's Napa,2014-08-11,wayback,13.0,1
merryvale starmont 12 chardonnay napa valley,,Gott's Napa,2012-05-15,wayback,11.0,2
merryvale starmont 12 chardonnay napa valley,,Gott's Napa,2012-06-17,wayback,12.0,1
merryvale starmont 12 chardonnay napa valley,,Gott's Napa,2014-12-22,wayback,15.0,1
merryvale starmont 12 chardonnay napa valley,,Gott's Napa,2015-02-06,wayback,15.0,1
merryvale starmont 12 chardonnay napa valley,Half Bottle,Gott's Napa,2015-05-13,wayback,15.0,1
merryvale starmont 12 chardonnay napa valley,Half Bottle,Gott's Napa,2015-11-23,wayback,15.0,1
merryvale starmont 12 chardonnay napa valley,half bottle,Gott's Napa,2015-05-13,wayback,15.0,1
mexican 7up,,Farmstead at Long Meadow Ranch,2025-10-15,pdf,6.0,1
mexican coke,,Farmstead at Long Meadow Ranch,2025-10-15,pdf,7.0,1
mexican style street corn,,Farmstead at Long Meadow Ranch,2026-06-15,pdf,18.0,1
mi margarita,,Bistro Don Giovanni,2017-01-10,wayback,13.0,1
mi margarita,,Bistro Don Giovanni,2019-09-19,wayback,13.0,1
mica male,,Bistro Don Giovanni,2023-12-05,wayback,19.0,1
michele chiarlo nivole moscato d asti,Half Bottle,Bistro Don Giovanni,2020-09-21,wayback,34.0,1
mighty leaf hot teas,,Bistro Don Giovanni,2017-01-10,wayback,4.0,1
mighty leaf hot teas,,Bistro Don Giovanni,2019-09-19,wayback,4.0,1
mighty leaf hot teas,,Bistro Don Giovanni,2020-03-27,wayback,4.0,1
mighty leaf hot teas,,Bistro Don Giovanni,2020-09-21,wayback,4.0,2
mighty leaf hot teas,,Bistro Don Giovanni,2021-01-27,wayback,4.0,1
mighty leaf hot teas,,Bistro Don Giovanni,2022-01-20,wayback,4.0,1
mighty leaf hot teas,,Bistro Don Giovanni,2022-05-27,wayback,4.0,1
mighty leaf hot teas,,Bistro Don Giovanni,2023-04-01,wayback,4.0,1
mighty leaf hot teas,,Bistro Don Giovanni,2023-12-05,wayback,4.0,2
mike s cowboy burger,,The Depot Eatery,2026-08-05,web,19.0,1
mild cheese,,Genova Delicatessen,2026-08-05,fallback,12.95,1
milk,,Cartwright's Taprock Northwest Grill,2014-08-01,wayback,2.19,1
milk,,In-N-Out Burger,2026-06-25,exif,1.25,4
milk,,In-N-Out Burger,2025-02-25,exif,0.95,1
milk,,In-N-Out Burger,2026-06-11,exif,1.25,1
milk,,McDonald's,2022-04-16,exif,4.49,1
milkshake,Large,Barney's Burgers,2026-08-05,web,9.8,1
milkshake,Medium,Barney's Burgers,2026-08-05,web,6.5,1
milkshake,Small,Barney's Burgers,2026-08-05,web,5.0,1
mill street,,The Depot Eatery,2026-08-05,web,16.0,1
mill street mess,,The Depot Eatery,2026-08-05,web,18.0,1
miller lite,,Gott's Napa,2017-07-22,wayback,4.5,1
miller lite,,Gott's Napa,2021-01-17,wayback,4.5,1
miller lite long neck,,Gott's Napa,2014-12-22,wayback,4.5,1
miller lite long neck,,Gott's Napa,2015-05-13,wayback,4.5,1
miller lite long neck,,Gott's Napa,2015-07-24,wayback,4.5,1
miller lite long neck,12oz,Gott's Napa,2014-08-11,wayback,4.5,2
miller lite long neck,12oz,Gott's Napa,2015-02-06,wayback,4.5,2
miller lite long neck,12oz,Gott's Napa,2015-05-13,wayback,4.5,1
miller lite long neck,12oz,Gott's Napa,2015-11-23,wayback,4.5,1
miller lite long neck,Bottled (12oz),Gott's Napa,2014-12-22,wayback,4.5,1
mimosa,,Cartwright's Taprock Northwest Grill,2023-06-10,wayback,8.0,1
mimosa orange juice champagne,,Cartwright's Taprock Northwest Grill,2014-08-01,wayback,4.5,1
mimosa sunrise,,Cartwright's Taprock Northwest Grill,2023-06-10,wayback,9.0,1
miner sangiovese gibson ranch mendocino,,Bistro Don Giovanni,2023-04-01,wayback,16.0,1
miner sangiovese gibson ranch mendocino,,Bistro Don Giovanni,2023-12-05,wayback,16.0,2
minestrone,,Bistro Don Giovanni,2020-03-27,wayback,12.0,1
minestrone,,Bistro Don Giovanni,2021-01-27,wayback,12.0,1
mini corn dogs,,Gott's Napa,2011-03-22,wayback,5.99,1
mini corn dogs,,Gott's Napa,2012-05-15,wayback,5.99,2
mini corn dogs,,Gott's Napa,2014-08-11,wayback,6.99,2
mini corn dogs,,Gott's Napa,2014-10-29,wayback,6.99,1
mini corn dogs,,Gott's Napa,2014-12-22,wayback,6.99,2
mini corn dogs,,Gott's Napa,2015-02-06,wayback,6.99,1
mini corn dogs,,Gott's Napa,2015-02-13,wayback,6.99,1
mini corn dogs,,Gott's Napa,2017-07-22,wayback,6.99,1
mini corn dogs,,Gott's Napa,2021-01-17,wayback,6.99,1
mini corn dogs,6,Gott's Napa,2015-02-06,wayback,6.99,1
mini corn dogs,6 pieces,Gott's Napa,2011-03-22,wayback,5.99,1
mini ham sandwiches,,Farmstead at Long Meadow Ranch,2026-06-15,pdf,22.0,1
mint confetti shake,12oz,Gott's Napa,2014-08-11,wayback,5.99,1
mint confetti shake,16oz,Gott's Napa,2014-08-11,wayback,6.99,1
minta rita,,Bistro Don Giovanni,2022-01-20,wayback,18.0,1
mira cabernet sauvignon,,Bistro Don Giovanni,2020-03-27,wayback,18.0,1
mira cabernet sauvignon,,Bistro Don Giovanni,2020-09-21,wayback,18.0,2
mira cabernet sauvignon,,Bistro Don Giovanni,2021-01-27,wayback,18.0,1
mira cabernet sauvignon,,Bistro Don Giovanni,2022-05-27,wayback,18.0,1
mira cabernet sauvignon,,Bistro Don Giovanni,2023-12-05,wayback,18.0,2
mira cabernet sauvignon napa valley,,Bistro Don Giovanni,2019-09-19,wayback,18.0,1
mira cabernet sauvignon napa valley,,Bistro Don Giovanni,2020-09-21,wayback,18.0,1
mira cabernet sauvignon napa valley,,Bistro Don Giovanni,2022-01-20,wayback,18.0,1
mira cabernet sauvignon napa valley,,Bistro Don Giovanni,2023-04-01,wayback,18.0,1
mira chardonnay,,Bistro Don Giovanni,2017-01-10,wayback,13.0,1
mira hyde vineyard,,Bistro Don Giovanni,2020-09-21,wayback,94.0,1
miss kentucky,,Gott's Napa,2011-03-22,wayback,10.99,2
miss kentucky,,Gott's Napa,2014-08-11,wayback,10.99,2
miss kentucky,,Gott's Napa,2014-12-22,wayback,11.99,2
mocha,,Cartwright's Taprock Northwest Grill,2014-08-01,wayback,3.49,1
mocha,,McDonald's,2022-04-16,exif,3.55,1
modelo especial,,Gott's Napa,2021-01-17,wayback,6.0,1
modern times fortunate islands hoppy tropical wheat,,Gott's Napa,2017-07-22,wayback,7.0,1
mole pork chop,,Perez Kitchen & Bar,2026-08-05,pdf,25.0,1
monte cristo,,The Depot Eatery,2026-08-05,web,18.0,1
monte tondo soave,,Bistro Don Giovanni,2020-09-21,wayback,44.0,1
montevina 12 pinot grigio,,Gott's Napa,2013-02-28,wayback,18.0,2
montevina 12 pinot grigio,,Gott's Napa,2015-02-06,wayback,6.0,1
montevina 12 pinot grigio,,Gott's Napa,2015-02-13,wayback,12.0,2
montevina 12 pinot grigio,,Gott's Napa,2015-05-13,wayback,6.0,1
montevina 12 pinot grigio,,Gott's Napa,2015-07-24,wayback,6.0,1
montevina 12 pinot grigio,,Gott's Napa,2015-11-23,wayback,7.0,1
montevina 12 pinot grigio,Bottle,Gott's Napa,2012-06-17,wayback,18.0,2
montevina 12 pinot grigio,Bottle,Gott's Napa,2014-08-11,wayback,18.0,2
montevina 12 pinot grigio,Bottle,Gott's Napa,2014-10-29,wayback,18.0,1
montevina 12 pinot grigio,Bottle,Gott's Napa,2014-12-22,wayback,18.0,2
montevina 12 pinot grigio,Bottle,Gott's Napa,2015-02-06,wayback,18.0,2
montevina 12 pinot grigio,Bottle,Gott's Napa,2015-05-13,wayback,18.0,2
montevina 12 pinot grigio,Bottle,Gott's Napa,2015-11-23,wayback,21.0,1
montevina 12 pinot grigio,Bottle,Gott's Napa,2017-07-22,wayback,21.0,1
montevina 12 pinot grigio,Glass,Gott's Napa,2012-06-17,wayback,6.0,2
montevina 12 pinot grigio,Glass,Gott's Napa,2014-08-11,wayback,6.0,2
montevina 12 pinot grigio,Glass,Gott's Napa,2014-10-29,wayback,6.0,1
montevina 12 pinot grigio,Glass,Gott's Napa,2014-12-22,wayback,6.0,2
montevina 12 pinot grigio,Glass,Gott's Napa,2015-02-06,wayback,6.0,1
montevina 12 pinot grigio,Glass,Gott's Napa,2015-05-13,wayback,6.0,1
montevina 12 pinot grigio,Glass,Gott's Napa,2017-07-22,wayback,7.0,1
monticelli brothers rolando rosso,,Bistro Don Giovanni,2020-09-21,wayback,14.0,1
monticelli brothers rolando rosso red blend,,Bistro Don Giovanni,2017-01-10,wayback,13.0,1
monticelli brothers rolando rosso red blend,,Bistro Don Giovanni,2019-09-19,wayback,13.0,1
monticelli brothers rolando rosso red blend,,Bistro Don Giovanni,2020-03-27,wayback,13.0,1
monticelli brothers rolando rosso red blend,,Bistro Don Giovanni,2020-09-21,wayback,14.0,2
monticelli brothers rolando rosso red blend,,Bistro Don Giovanni,2021-01-27,wayback,14.0,1
monticelli brothers rolando rosso red blend,,Bistro Don Giovanni,2022-01-20,wayback,14.0,1
monticelli brothers rolando rosso red blend,,Bistro Don Giovanni,2022-05-27,wayback,15.0,1
monticelli brothers rolando rosso red blend,,Bistro Don Giovanni,2023-04-01,wayback,15.0,1
monticelli brothers rolando rosso red blend,,Bistro Don Giovanni,2023-12-05,wayback,15.0,2
moroccan mint green tea low caffeine,,Angele Restaurant & Bar,2014-09-20,wayback,4.0,1
mortadella,,Genova Delicatessen,2026-08-05,fallback,12.95,1
moscow mule,,Bistro Don Giovanni,2017-01-10,wayback,12.0,1
moscow mule,,Bistro Don Giovanni,2019-09-19,wayback,12.0,1
moscow mule,,Bistro Don Giovanni,2020-03-27,wayback,12.0,1
moscow mule,,Bistro Don Giovanni,2020-09-21,wayback,13.0,2
moscow mule,,Bistro Don Giovanni,2021-01-27,wayback,13.0,1
moscow mule,,Bistro Don Giovanni,2022-01-20,wayback,13.0,1
moules frites,,Angele Restaurant & Bar,2017-08-29,wayback,28.0,1
moules marini re,,Angele Restaurant & Bar,2015-02-21,wayback,18.0,1
mountain valley spring water,,Gott's Napa,2017-07-22,wayback,2.99,2
mountain valley spring water,,Gott's Napa,2021-01-17,wayback,3.29,1
mousse de foie de canard,,Angele Restaurant & Bar,2015-02-21,wayback,14.0,1
mozzarella di bufala e prosciutto,,Bistro Don Giovanni,2017-01-10,wayback,17.0,1
mozzarella sticks,,The Depot Eatery,2026-08-05,web,7.5,2
murphy goode sauvignon blanc,Half Bottle,Bistro Don Giovanni,2020-09-21,wayback,24.0,1
mushroom bacon cheese,,Barney's Burgers,2024-01-15,dom,10.99,1
mushroom bacon cheese,,Barney's Burgers,2026-08-05,web,9.95,1
mushroom jack chicken,,Barney's Burgers,2024-01-15,dom,8.99,1
mushroom jack chicken,,Barney's Burgers,2026-08-05,web,9.0,1
mushroom swiss,,Barney's Burgers,2024-01-15,dom,10.99,1
mushroom swiss,,Barney's Burgers,2026-08-05,web,9.45,1
mustard,,Five Guys,2023-11-27,exif,0.3,1
my,,Code 4 Taphouse,2025-11-15,exif,14.75,1
napa cellars 08 zinfandel napa valley,Bottle,Gott's Napa,2011-03-22,wayback,24.0,1
napa cellars 08 zinfandel napa valley,Glass,Gott's Napa,2011-03-22,wayback,8.0,1
napa cellars 13 chardonnay,,Gott's Napa,2013-02-28,wayback,27.0,2
napa cellars 13 chardonnay,,Gott's Napa,2015-05-13,wayback,9.0,1
napa cellars 13 chardonnay,,Gott's Napa,2015-07-24,wayback,9.0,1
napa cellars 13 chardonnay,,Gott's Napa,2015-11-23,wayback,9.0,1
napa cellars 13 chardonnay,Bottle,Gott's Napa,2012-05-15,wayback,24.0,2
napa cellars 13 chardonnay,Bottle,Gott's Napa,2012-06-17,wayback,27.0,2
napa cellars 13 chardonnay,Bottle,Gott's Napa,2014-08-11,wayback,24.0,2
napa cellars 13 chardonnay,Bottle,Gott's Napa,2014-10-29,wayback,24.0,1
napa cellars 13 chardonnay,Bottle,Gott's Napa,2014-12-22,wayback,27.0,2
napa cellars 13 chardonnay,Bottle,Gott's Napa,2015-02-06,wayback,27.0,1
napa cellars 13 chardonnay,Bottle,Gott's Napa,2015-05-13,wayback,27.0,2
napa cellars 13 chardonnay,Bottle,Gott's Napa,2015-11-23,wayback,27.0,1
napa cellars 13 chardonnay,Bottle,Gott's Napa,2017-07-22,wayback,27.0,1
napa cellars 13 chardonnay,Bottle,Gott's Napa,2021-01-17,wayback,36.0,1
napa cellars 13 chardonnay,Glass,Gott's Napa,2012-05-15,wayback,8.0,2
napa cellars 13 chardonnay,Glass,Gott's Napa,2012-06-17,wayback,9.0,2
napa cellars 13 chardonnay,Glass,Gott's Napa,2014-08-11,wayback,8.0,2
napa cellars 13 chardonnay,Glass,Gott's Napa,2014-10-29,wayback,8.0,1
napa cellars 13 chardonnay,Glass,Gott's Napa,2014-12-22,wayback,9.0,2
napa cellars 13 chardonnay,Glass,Gott's Napa,2015-02-06,wayback,9.0,1
napa cellars 13 chardonnay,Glass,Gott's Napa,2015-05-13,wayback,9.0,1
napa cellars 13 chardonnay,Glass,Gott's Napa,2017-07-22,wayback,9.0,1
napa cellars 13 chardonnay,Glass,Gott's Napa,2021-01-17,wayback,9.0,1
napa cellars 13 chardonnott napa valley,,Gott's Napa,2015-02-06,wayback,9.0,1
napa cellars 13 chardonnott napa valley,Bottle,Gott's Napa,2015-02-06,wayback,27.0,1
napa palisades pacific plate,,Gott's Napa,2026-05-25,exif,18.99,1
nashville chicken,,Barney's Burgers,2024-01-15,dom,8.99,1
nathan s small hot dogs,,Gott's Napa,2012-05-15,wayback,5.99,1
nathan s small hot dogs,small,Gott's Napa,2012-05-15,wayback,5.99,1
neige cidre de glace apple ice wine,,Angele Restaurant & Bar,2014-09-20,wayback,11.0,1
new york steak,,Code 4 Taphouse,2025-11-15,exif,23.95,1
new york steak sunny side up egg french fries sauce bordelaise,,Angele Restaurant & Bar,2016-05-08,wayback,29.0,1
neyers unoaked chardonnay,,Gott's Napa,2015-02-13,wayback,22.0,2
ni oise salad olive oil poached tuna haric t vert ni oise olives little gem lettuces peppers farm egg,,Angele Restaurant & Bar,2015-02-25,wayback,18.0,1
ni oise salad olive oil poached tuna haric t vert ni oise olives little gem lettuces peppers farm egg,,Angele Restaurant & Bar,2015-03-05,wayback,18.0,1
ni oise salad olive oil poached tuna haric t vert ni oise olives little gem lettuces peppers farm egg,,Angele Restaurant & Bar,2015-11-06,wayback,20.0,1
ni oise salad olive oil poached tuna haric t vert ni oise olives little gem lettuces peppers farm egg,,Angele Restaurant & Bar,2016-04-12,wayback,20.0,1
ni oise salad olive oil poached tuna haric t vert ni oise olives little gem lettuces peppers farm egg,,Angele Restaurant & Bar,2016-05-08,wayback,20.0,1
nicholas jay,,Bistro Don Giovanni,2020-09-21,wayback,120.0,1
nickel nickel harris ranch,,Bistro Don Giovanni,2020-09-21,wayback,98.0,1
niman ranch fearless frank,,Gott's Napa,2014-08-11,wayback,5.99,2
niman ranch fearless frank,,Gott's Napa,2014-10-29,wayback,5.99,1
niman ranch fearless frank,,Gott's Napa,2014-12-22,wayback,5.99,2
niman ranch fearless frank,,Gott's Napa,2015-02-06,wayback,5.99,2
niman ranch fearless frank,,Gott's Napa,2015-05-13,wayback,5.99,2
niman ranch fearless frank,,Gott's Napa,2015-07-24,wayback,5.99,1
niman ranch fearless frank,,Gott's Napa,2015-11-23,wayback,5.99,1
niman ranch fearless frank,,Gott's Napa,2017-07-22,wayback,5.99,1
niman ranch fearless frank,,Gott's Napa,2021-01-17,wayback,6.99,1
nocino della christina walnut liqueur,,Angele Restaurant & Bar,2014-09-20,wayback,15.0,1
non alcoholic,,Farmstead at Long Meadow Ranch,2021-08-02,wayback,10.0,1
non alcoholic,,Farmstead at Long Meadow Ranch,2024-06-09,wayback,10.0,1
north coast blue star wheat,,Gott's Napa,2015-07-24,wayback,6.0,1
north coast pranqster blonde fort bragg ca,,Angele Restaurant & Bar,2015-03-05,wayback,5.0,1
north coast scrimshaw pilsner,,Gott's Napa,2015-02-13,wayback,4.5,1
northwest hash browns,,Cartwright's Taprock Northwest Grill,2014-08-01,wayback,2.99,1
nutella rice cakes,,Code 4 Taphouse,2025-11-15,exif,14.95,2
oats,,Farmstead at Long Meadow Ranch,2021-05-11,wayback,6.0,1
oats,,Farmstead at Long Meadow Ranch,2021-08-02,wayback,6.0,1
oats,,Farmstead at Long Meadow Ranch,2024-06-19,wayback,6.0,1
oban 14 yr,,Angele Restaurant & Bar,2014-09-20,wayback,13.0,1
odwalla juice smoothies,,Gott's Napa,2013-02-28,wayback,3.0,2
odwalla juice smoothies,,Gott's Napa,2013-04-02,wayback,2.99,1
oeuf brouill,,Angele Restaurant & Bar,2013-06-27,wayback,16.0,1
oeuf poch,,Angele Restaurant & Bar,2013-06-27,wayback,16.0,1
offsite catering full service,,Farmstead at Long Meadow Ranch,2021-08-02,wayback,75.0,1
old fashioned shakes malts,Large,Barney's Burgers,2025-08-18,exif,6.99,1
old fashioned shakes malts,Medium,Barney's Burgers,2025-08-18,exif,6.49,1
old fashioned shakes malts,Small,Barney's Burgers,2025-08-18,exif,4.99,1
olivia brion,,Bistro Don Giovanni,2020-09-21,wayback,78.0,1
omelette du jour,,Angele Restaurant & Bar,2013-04-18,wayback,15.0,1
one 4 the girls,,Bistro Don Giovanni,2017-01-10,wayback,14.0,1
onglet,,Angele Restaurant & Bar,2013-04-18,wayback,18.0,1
onglet,,Angele Restaurant & Bar,2013-06-27,wayback,18.0,1
onion rings,,Barney's Burgers,2024-01-15,dom,6.0,1
onion rings,,Barney's Burgers,2026-08-05,web,7.0,1
onion rings,,Gott's Napa,2011-03-22,wayback,3.99,2
onion rings,,Gott's Napa,2012-05-15,wayback,3.99,2
onion rings,,Gott's Napa,2012-06-17,wayback,3.99,2
onion rings,,Gott's Napa,2014-08-11,wayback,3.99,2
onion rings,,Gott's Napa,2014-10-29,wayback,3.99,1
onion rings,,Gott's Napa,2014-12-22,wayback,3.99,2
onion rings,,Gott's Napa,2015-02-06,wayback,3.99,2
onion rings,,Gott's Napa,2015-05-13,wayback,3.99,2
onion rings,,Gott's Napa,2015-07-24,wayback,3.99,1
onion rings,,Gott's Napa,2015-11-23,wayback,3.99,1
onion rings,,Gott's Napa,2017-07-22,wayback,3.99,1
onion rings,,Gott's Napa,2021-01-17,wayback,3.99,1
onions,,Five Guys,2023-11-27,exif,0.1,1
open range 10 sauvignon blanc california,Bottle,Gott's Napa,2012-05-15,wayback,21.0,2
open range 10 sauvignon blanc california,Glass,Gott's Napa,2012-05-15,wayback,7.0,2
orange chicken,,Barney's Burgers,2024-01-15,dom,8.99,1
orange float,,Gott's Napa,2014-08-11,wayback,4.99,2
orange float,,Gott's Napa,2014-12-22,wayback,4.99,2
orange float,,Gott's Napa,2021-01-17,wayback,4.99,1
orangina,,Angele Restaurant & Bar,2015-03-05,wayback,8.0,1
oregon baby shrimp omelet,,Cartwright's Taprock Northwest Grill,2014-08-01,wayback,10.99,1
oreo cookie pieces,,Five Guys,2023-11-27,exif,0.85,1
oreo cr me,,Five Guys,2023-11-27,exif,0.9,1
oreos extra,,Gott's Napa,2012-05-15,wayback,1.25,1
organic breakfast black tea bold caffeine,,Angele Restaurant & Bar,2014-09-20,wayback,4.0,1
organic coconut water bernie s organic,,Gott's Napa,2021-01-17,wayback,3.99,1
organic ice cream in a cup,,Gott's Napa,2013-02-28,wayback,5.0,2
organic ice cream in a cup,Large,Gott's Napa,2011-03-22,wayback,4.49,2
organic ice cream in a cup,Large,Gott's Napa,2012-06-17,wayback,4.49,2
organic ice cream in a cup,Large,Gott's Napa,2014-08-11,wayback,5.99,2
organic ice cream in a cup,Large,Gott's Napa,2014-10-29,wayback,4.49,1
organic ice cream in a cup,Large,Gott's Napa,2014-12-22,wayback,5.99,2
organic ice cream in a cup,Large,Gott's Napa,2015-02-06,wayback,5.99,2
organic ice cream in a cup,Large,Gott's Napa,2015-02-13,wayback,4.49,1
organic ice cream in a cup,Large,Gott's Napa,2015-05-13,wayback,5.99,2
organic ice cream in a cup,Large,Gott's Napa,2015-07-24,wayback,5.99,1
organic ice cream in a cup,Large,Gott's Napa,2015-11-23,wayback,5.99,1
organic ice cream in a cup,Large,Gott's Napa,2017-07-22,wayback,5.99,1
organic ice cream in a cup,Large,Gott's Napa,2021-01-17,wayback,5.99,1
organic ice cream in a cup,Small,Gott's Napa,2011-03-22,wayback,2.99,2
organic ice cream in a cup,Small,Gott's Napa,2012-06-17,wayback,2.99,2
organic ice cream in a cup,Small,Gott's Napa,2014-08-11,wayback,3.99,2
organic ice cream in a cup,Small,Gott's Napa,2014-10-29,wayback,2.99,1
organic ice cream in a cup,Small,Gott's Napa,2014-12-22,wayback,3.99,2
organic ice cream in a cup,Small,Gott's Napa,2015-02-06,wayback,3.99,2
organic ice cream in a cup,Small,Gott's Napa,2015-02-13,wayback,2.99,1
organic ice cream in a cup,Small,Gott's Napa,2015-05-13,wayback,3.99,2
organic ice cream in a cup,Small,Gott's Napa,2015-07-24,wayback,3.99,1
organic ice cream in a cup,Small,Gott's Napa,2015-11-23,wayback,3.99,1
organic ice cream in a cup,Small,Gott's Napa,2017-07-22,wayback,3.99,1
organic ice cream in a cup,Small,Gott's Napa,2021-01-17,wayback,3.99,1
ortega chicken,,Barney's Burgers,2026-08-05,web,9.0,1
ortega jack,,Barney's Burgers,2026-08-05,web,9.45,1
oysters on the half shell,,Angele Restaurant & Bar,2017-08-29,wayback,36.0,1
oysters on the half shell served with mignonette,,Angele Restaurant & Bar,2015-02-25,wayback,3.0,1
oysters on the half shell served with mignonette,,Angele Restaurant & Bar,2015-11-06,wayback,18.0,1
oysters on the half shell served with mignonette,,Angele Restaurant & Bar,2016-04-12,wayback,18.0,1
oysters on the half shell served with mignonette,,Angele Restaurant & Bar,2016-05-08,wayback,18.0,1
oysters on the half shell served with mignonette,1/2 doz,Angele Restaurant & Bar,2015-03-05,wayback,18.0,1
p b r,,Gott's Napa,2011-03-22,wayback,3.0,2
p b r,,Gott's Napa,2012-05-15,wayback,3.0,2
p t de campagne,,Angele Restaurant & Bar,2012-04-09,wayback,12.0,1
p t de campagne,,Angele Restaurant & Bar,2013-04-18,wayback,12.0,1
p t de campagne,,Angele Restaurant & Bar,2013-06-27,wayback,12.0,1
pabst blue ribbon,,Gott's Napa,2014-12-22,wayback,3.5,1
pabst blue ribbon,,Gott's Napa,2015-02-13,wayback,3.5,1
pabst blue ribbon,,Gott's Napa,2015-05-13,wayback,3.5,1
pabst blue ribbon,,Gott's Napa,2015-07-24,wayback,3.5,1
pabst blue ribbon,,Gott's Napa,2017-07-22,wayback,3.5,1
pabst blue ribbon,,Gott's Napa,2021-01-17,wayback,4.0,1
pabst blue ribbon,12oz,Gott's Napa,2014-08-11,wayback,3.5,2
pabst blue ribbon,12oz,Gott's Napa,2014-10-29,wayback,3.5,1
pabst blue ribbon,12oz,Gott's Napa,2015-02-06,wayback,3.5,2
pabst blue ribbon,12oz,Gott's Napa,2015-05-13,wayback,3.5,1
pabst blue ribbon,12oz,Gott's Napa,2015-11-23,wayback,3.5,1
pabst blue ribbon,Canned (12oz),Gott's Napa,2014-12-22,wayback,3.5,1
paccheri,,Bistro Don Giovanni,2020-09-21,wayback,24.0,2
paccheri,,Bistro Don Giovanni,2022-01-20,wayback,28.0,1
paccheri bolognese,,Bistro Don Giovanni,2019-09-19,wayback,23.0,1
pacifico clara,,Farmstead at Long Meadow Ranch,2021-05-11,wayback,6.0,1
pacifico clara,,Farmstead at Long Meadow Ranch,2021-08-02,wayback,6.0,1
pacifico clara,,Farmstead at Long Meadow Ranch,2024-06-09,wayback,6.0,1
padis,,Bistro Don Giovanni,2020-09-21,wayback,95.0,1
pain perdu,,Angele Restaurant & Bar,2013-04-18,wayback,14.0,1
pain perdu,,Angele Restaurant & Bar,2013-06-27,wayback,14.0,1
paisley pinot grigio,,Bistro Don Giovanni,2022-05-27,wayback,14.0,1
paisley pinot grigio,,Bistro Don Giovanni,2023-12-05,wayback,14.0,1
paisley pinot grigio friuli venezia italy,,Bistro Don Giovanni,2022-01-20,wayback,14.0,1
paisley pinot grigio friuli venezia italy,,Bistro Don Giovanni,2023-04-01,wayback,14.0,1
palmina pinot grigio,Bottle,Gott's Napa,2015-02-06,wayback,24.0,1
palmina pinot grigio,Glass,Gott's Napa,2015-02-06,wayback,8.0,1
palmina pinot grigio santa barbara,,Gott's Napa,2015-02-06,wayback,8.0,1
palmina pinot grigio santa barbara,,Gott's Napa,2015-05-13,wayback,8.0,1
palmina pinot grigio santa barbara,Bottle,Gott's Napa,2015-02-06,wayback,24.0,1
palmina pinot grigio santa barbara,Bottle,Gott's Napa,2015-05-13,wayback,24.0,2
palmina pinot grigio santa barbara,Glass,Gott's Napa,2015-05-13,wayback,8.0,1
paloma,,Angele Restaurant & Bar,2014-09-20,wayback,12.0,1
pan roasted petrale sole,,Bistro Don Giovanni,2017-01-10,wayback,28.0,1
pancake bacon,,Code 4 Taphouse,2025-11-15,exif,8.95,2
pancakes,,Perez Kitchen & Bar,2026-08-05,pdf,12.0,1
pancetta,,Bistro Don Giovanni,2020-03-27,wayback,23.0,1
panna still water,,Bistro Don Giovanni,2022-01-20,wayback,10.0,1
panna still water,,Bistro Don Giovanni,2022-05-27,wayback,11.0,1
panna still water,,Bistro Don Giovanni,2023-04-01,wayback,11.0,1
panna still water,,Bistro Don Giovanni,2023-12-05,wayback,11.0,2
panna still water,1ltr,Bistro Don Giovanni,2019-09-19,wayback,8.0,1
panna still water,1ltr,Bistro Don Giovanni,2020-03-27,wayback,8.0,1
panna still water,1ltr,Bistro Don Giovanni,2020-09-21,wayback,9.0,2
panna still water,1ltr,Bistro Don Giovanni,2021-01-27,wayback,10.0,1
panna still water,500ml,Bistro Don Giovanni,2019-09-19,wayback,4.0,1
panna still water,500ml,Bistro Don Giovanni,2020-03-27,wayback,4.0,1
panna still water,500ml,Bistro Don Giovanni,2020-09-21,wayback,4.0,2
panna still water,500ml,Bistro Don Giovanni,2021-01-27,wayback,5.0,1
panthera by hess collection,,Bistro Don Giovanni,2020-09-21,wayback,60.0,1
paolo cali violino nero d avola siciliana italy,,Bistro Don Giovanni,2022-01-20,wayback,15.0,1
paper plane,,Bistro Don Giovanni,2020-09-21,wayback,14.0,2
paper plane,,Bistro Don Giovanni,2021-01-27,wayback,14.0,1
paper planes ros,,Bistro Don Giovanni,2020-09-21,wayback,52.0,1
paradigm,,Bistro Don Giovanni,2020-09-21,wayback,98.0,1
parfait,,Farmstead at Long Meadow Ranch,2021-05-11,wayback,7.0,1
parfait,,Farmstead at Long Meadow Ranch,2021-08-02,wayback,7.0,1
parfait,,Farmstead at Long Meadow Ranch,2024-06-19,wayback,7.0,1
parmesan crusted baby potatoes filled with pork rago t pickled huckleberries little gem salad,,Angele Restaurant & Bar,2015-02-25,wayback,16.0,1
parmesan crusted baby potatoes filled with pork rago t pickled huckleberries little gem salad,,Angele Restaurant & Bar,2015-03-05,wayback,16.0,1
pasqua 11 minutes,,Bistro Don Giovanni,2020-09-21,wayback,38.0,1
passed,,Gott's Napa,2013-02-28,wayback,3.0,1
pasta al amatriciana,,Bistro Don Giovanni,2021-01-27,wayback,25.0,1
pasta bolognese,,Bistro Don Giovanni,2020-03-27,wayback,24.0,1
pasta bolognese,,Bistro Don Giovanni,2020-09-21,wayback,25.0,1
pasta e fagioli,,Bistro Don Giovanni,2023-12-05,wayback,16.0,1
pasta per bambini,,Bistro Don Giovanni,2017-01-10,wayback,8.0,1
pasta per bambini,,Bistro Don Giovanni,2023-12-05,wayback,8.0,1
pasta per bambini no green stuff,,Bistro Don Giovanni,2019-09-19,wayback,8.0,1
pasta per bambini no green stuff,,Bistro Don Giovanni,2020-03-27,wayback,8.0,1
pasta per bambini no green stuff,,Bistro Don Giovanni,2020-09-21,wayback,8.0,2
pasta per bambini no green stuff,,Bistro Don Giovanni,2021-01-27,wayback,8.0,1
pasta per bambini no green stuff,,Bistro Don Giovanni,2022-01-20,wayback,8.0,1
pasta per bambini no green stuff,,Bistro Don Giovanni,2022-05-27,wayback,8.0,1
pasta per bambini no green stuff,,Bistro Don Giovanni,2023-04-01,wayback,8.0,1
pasta per bambini no green stuff,,Bistro Don Giovanni,2023-12-05,wayback,9.0,1
pastis,,Angele Restaurant & Bar,2015-03-05,wayback,10.0,1
pastis mauresque tomate perroquet,,Angele Restaurant & Bar,2015-03-05,wayback,10.0,1
pastrami,,Genova Delicatessen,2026-08-05,fallback,12.95,1
pat maison,,Angele Restaurant & Bar,2015-02-21,wayback,16.0,1
patty melt,,Barney's Burgers,2024-01-15,dom,10.99,1
patty melt,,Barney's Burgers,2026-08-05,web,9.45,1
patty melt,,Gott's Napa,2011-03-22,wayback,7.99,2
patty melt,,Gott's Napa,2014-08-11,wayback,9.99,2
patty melt,,Gott's Napa,2014-12-22,wayback,9.99,2
patty melt,,Gott's Napa,2015-02-06,wayback,9.99,2
patty melt,,Gott's Napa,2015-05-13,wayback,9.99,2
patty melt,,Gott's Napa,2015-07-24,wayback,9.99,1
patty melt,,The Depot Eatery,2026-08-05,web,17.0,1
patz hall,,Bistro Don Giovanni,2020-09-21,wayback,65.0,1
paul hobbs,,Bistro Don Giovanni,2020-09-21,wayback,104.0,1
paul hobbs crossbarn pinot noir,,Gott's Napa,2015-02-13,wayback,24.0,2
paul hobbs crossbarn pinot noir,Bottle,Gott's Napa,2014-10-29,wayback,36.0,1
paul hobbs crossbarn pinot noir,Glass,Gott's Napa,2014-10-29,wayback,12.0,1
paul mas r serve picpoul de pinet languedoc france,,Bistro Don Giovanni,2022-01-20,wayback,15.0,1
paula kornell blanc de noir mitsuko s vineyard,,Bistro Don Giovanni,2020-09-21,wayback,95.0,1
pav de b uf hach,,Angele Restaurant & Bar,2013-04-18,wayback,14.0,1
pav de b uf hach,,Angele Restaurant & Bar,2013-06-27,wayback,14.0,1
pav de b uf hach,,Angele Restaurant & Bar,2015-02-21,wayback,15.0,1
pbr,,Gott's Napa,2013-02-28,wayback,3.5,2
peanut butter,,Five Guys,2023-11-27,exif,0.9,1
peanut butter chocolate shake,12oz,Gott's Napa,2021-01-17,wayback,6.99,1
peanut butter chocolate shake,16oz,Gott's Napa,2021-01-17,wayback,7.99,1
pear drop,,Bistro Don Giovanni,2017-01-10,wayback,12.0,1
pear drop,,Bistro Don Giovanni,2019-09-19,wayback,12.0,1
pear drop,,Bistro Don Giovanni,2020-03-27,wayback,12.0,1
pear drop,,Bistro Don Giovanni,2020-09-21,wayback,13.0,2
pear drop,,Bistro Don Giovanni,2021-01-27,wayback,14.0,1
peju,,Bistro Don Giovanni,2020-09-21,wayback,84.0,1
pellegrino,500ml,Bistro Don Giovanni,2017-01-10,wayback,4.0,1
pellegrino,750ml,Bistro Don Giovanni,2017-01-10,wayback,7.0,1
penne amatriciana,,Bistro Don Giovanni,2023-12-05,wayback,34.0,1
pepper salami,,Genova Delicatessen,2026-08-05,fallback,14.95,1
pepper turkey,,Genova Delicatessen,2026-08-05,fallback,12.95,1
peppercorn chicken caesar wrap,,Perez Kitchen & Bar,2026-08-05,pdf,17.0,1
perez club,,Perez Kitchen & Bar,2026-08-05,pdf,20.0,1
pernod,,Bistro Don Giovanni,2017-01-10,wayback,8.5,1
pernod,,Bistro Don Giovanni,2019-09-19,wayback,9.0,1
pernod,,Bistro Don Giovanni,2020-03-27,wayback,9.0,1
pernod,,Bistro Don Giovanni,2020-09-21,wayback,10.0,2
pernod,,Bistro Don Giovanni,2021-01-27,wayback,10.0,1
peroni,,Bistro Don Giovanni,2017-01-10,wayback,5.0,1
peroni,,Bistro Don Giovanni,2019-09-19,wayback,6.0,1
peroni,,Bistro Don Giovanni,2020-03-27,wayback,6.0,1
peroni,,Bistro Don Giovanni,2020-09-21,wayback,7.0,2
peroni,,Bistro Don Giovanni,2021-01-27,wayback,7.0,1
peroni,,Bistro Don Giovanni,2022-01-20,wayback,7.0,1
peroni,,Bistro Don Giovanni,2022-05-27,wayback,7.0,1
peroni,,Bistro Don Giovanni,2023-04-01,wayback,7.0,1
peroni,,Bistro Don Giovanni,2023-12-05,wayback,7.5,2
petit gem de laitue,,Angele Restaurant & Bar,2012-04-09,wayback,10.0,1
petit pomme de terre,,Angele Restaurant & Bar,2015-02-21,wayback,16.0,1
petit sal,,Angele Restaurant & Bar,2012-04-09,wayback,16.0,1
petite laitue,,Angele Restaurant & Bar,2013-04-18,wayback,10.0,1
petite laitue,,Angele Restaurant & Bar,2013-06-27,wayback,10.0,1
petite laitue,,Angele Restaurant & Bar,2015-02-21,wayback,10.0,1
petite quiche with spring vegetables little gem salad,,Angele Restaurant & Bar,2016-05-08,wayback,18.0,1
petrale sole capers citrus persillade citrus segments potato pur e,,Angele Restaurant & Bar,2015-02-25,wayback,26.0,1
petrale sole capers citrus persillade citrus segments potato pur e,,Angele Restaurant & Bar,2015-03-05,wayback,26.0,1
petrale sole capers citrus persillade citrus segments potato pur e,,Angele Restaurant & Bar,2016-05-08,wayback,26.0,1
petrale sole meuni re,,Angele Restaurant & Bar,2017-08-29,wayback,30.0,1
philly steak,,Code 4 Taphouse,2025-11-15,exif,19.95,1
phipps family cellars,,Bistro Don Giovanni,2020-09-21,wayback,66.0,1
pick one item from each section,,Gott's Napa,2012-06-17,wayback,8.49,1
pickle cream cheese poppers,,The Depot Eatery,2026-08-05,web,7.0,1
pickles,,Five Guys,2023-11-27,exif,0.05,1
pieropaolo pecorari rosato,,Bistro Don Giovanni,2023-12-05,wayback,15.0,1
pietradolce etna bianco,,Bistro Don Giovanni,2020-03-27,wayback,14.0,1
pietradolce etna bianco,,Bistro Don Giovanni,2020-09-21,wayback,16.0,1
pietradolce etna bianco,,Bistro Don Giovanni,2021-01-27,wayback,16.0,1
pietradolce etna rosso,,Bistro Don Giovanni,2022-05-27,wayback,17.0,1
pietradolce etna rosso nerello mascalese siciliana italy,,Bistro Don Giovanni,2022-01-20,wayback,16.0,1
pietradolce etna rosso nerello mascalese siciliana italy,,Bistro Don Giovanni,2023-04-01,wayback,17.0,1
pimento cheese dip,,Farmstead at Long Meadow Ranch,2021-05-06,wayback,5.0,1
pimento cheese dip,,Farmstead at Long Meadow Ranch,2021-05-11,wayback,5.0,1
pimento cheese dip,,Farmstead at Long Meadow Ranch,2021-08-02,wayback,5.0,2
pimento cheese dip,,Farmstead at Long Meadow Ranch,2024-06-19,wayback,5.0,1
pimm s cup,,Angele Restaurant & Bar,2014-09-20,wayback,12.0,1
pimm s cup,,Bistro Don Giovanni,2019-09-19,wayback,13.0,1
pimm s cup,,Bistro Don Giovanni,2020-09-21,wayback,14.0,2
pineau des charantes sexton vivier,,Angele Restaurant & Bar,2015-03-05,wayback,15.0,1
pinot grigio seaglass,Bottle,Gott's Napa,2021-01-17,wayback,28.0,1
pinot grigio seaglass,Glass,Gott's Napa,2021-01-17,wayback,7.0,1
pinot noir macrostie,Half Bottle,Gott's Napa,2021-01-17,wayback,25.0,1
pinot noir sean minor four bears,Bottle,Gott's Napa,2017-07-22,wayback,24.0,1
pinot noir sean minor four bears,Glass,Gott's Napa,2017-07-22,wayback,8.0,1
pinot noir sonoma cutrer,Half Bottle,Gott's Napa,2017-07-22,wayback,25.0,1
pinot noir the pinot project,Bottle,Gott's Napa,2021-01-17,wayback,36.0,1
pinot noir the pinot project,Glass,Gott's Napa,2021-01-17,wayback,9.0,1
pintade,,Angele Restaurant & Bar,2012-04-09,wayback,28.0,1
piperade basquaise,,Angele Restaurant & Bar,2013-04-18,wayback,16.0,1
pissaladi re,,Angele Restaurant & Bar,2013-06-27,wayback,14.0,1
plain burger,,Gott's Napa,2014-08-11,wayback,6.99,2
plain burger,,Gott's Napa,2014-10-29,wayback,6.99,1
plain burger,,Gott's Napa,2014-12-22,wayback,6.99,1
plain burger,,Gott's Napa,2015-02-06,wayback,6.99,2
plain burger,,Gott's Napa,2015-02-13,wayback,6.99,1
plain jane stacks veg,,Cartwright's Taprock Northwest Grill,2023-06-10,wayback,12.0,1
pliny the elder,,Gott's Napa,2021-01-17,wayback,9.0,1
poisson frites,,Angele Restaurant & Bar,2015-02-21,wayback,18.0,1
polenta,,Genova Delicatessen,2024-08-31,exif,15.95,1
polenta,,Genova Delicatessen,2026-08-05,fallback,15.95,1
pollo alla diavola,,Bistro Don Giovanni,2017-01-10,wayback,27.0,1
pollo alla diavola,,Bistro Don Giovanni,2019-09-19,wayback,28.0,1
pollo alla diavola,,Bistro Don Giovanni,2020-03-27,wayback,28.0,1
pollo alla diavola,,Bistro Don Giovanni,2020-09-21,wayback,28.0,2
pollo alla diavola,,Bistro Don Giovanni,2021-01-27,wayback,29.0,1
pollo alla diavola,,Bistro Don Giovanni,2022-01-20,wayback,32.0,1
pollo alla diavola,,Bistro Don Giovanni,2022-05-27,wayback,32.0,1
pollo alla diavola,,Bistro Don Giovanni,2023-04-01,wayback,35.0,1
pollo alla diavola,,Bistro Don Giovanni,2023-12-05,wayback,35.0,1
pollo alla diavola,Half Chicken,Bistro Don Giovanni,2023-12-05,wayback,36.0,1
pom pom cosmo,,Bistro Don Giovanni,2017-01-10,wayback,13.0,1
pomme pur e,,Angele Restaurant & Bar,2013-04-18,wayback,8.0,1
pomme pur e,,Angele Restaurant & Bar,2013-06-27,wayback,8.0,1
pommes frites,,Angele Restaurant & Bar,2012-04-09,wayback,6.0,1
pommes frites,,Angele Restaurant & Bar,2013-04-18,wayback,8.0,1
pommes frites,,Angele Restaurant & Bar,2013-06-27,wayback,8.0,1
pommes frites,,Angele Restaurant & Bar,2015-02-21,wayback,8.0,1
porcini,,Bistro Don Giovanni,2021-01-27,wayback,24.0,1
pork belly fritters boquerones lemon champagne aioli,,Angele Restaurant & Bar,2016-05-08,wayback,14.0,1
pork chop milanese,,Bistro Don Giovanni,2021-01-27,wayback,31.0,1
portabella burger gf,,River's Edge Restaurant,2026-07-16,exif,20.0,1
pot de cr me butterscotch pudding crispy caramel cardamom,,Angele Restaurant & Bar,2014-09-20,wayback,10.0,1
potato cake combo,,The Depot Eatery,2026-08-05,web,18.0,1
potato egg,,Gott's Napa,2013-04-02,wayback,3.99,1
potato salad,,Farmstead at Long Meadow Ranch,2026-06-15,pdf,7.0,1
poulet pan,,Angele Restaurant & Bar,2013-04-18,wayback,20.0,1
poulet pan,,Angele Restaurant & Bar,2013-06-27,wayback,16.0,1
pride,,Bistro Don Giovanni,2020-09-21,wayback,114.0,1
prime rib,,The Depot Eatery,2026-08-05,web,25.0,1
prosciutto di parma,,Bistro Don Giovanni,2020-03-27,wayback,18.0,1
prosciutto di parma,,Bistro Don Giovanni,2022-05-27,wayback,24.0,1
prosciutto diparma,,Genova Delicatessen,2026-08-05,fallback,16.95,1
prosciutto diparma w cheese,,Genova Delicatessen,2026-08-05,fallback,17.45,1
prosciutto fig sandwich,,Farmstead at Long Meadow Ranch,2021-05-06,wayback,25.0,1
prosciutto fig sandwich,,Farmstead at Long Meadow Ranch,2021-08-02,wayback,25.0,1
prosciutto figs,,Bistro Don Giovanni,2019-09-19,wayback,18.0,1
prosciutto figs,,Bistro Don Giovanni,2023-12-05,wayback,26.0,1
prosciutto melone,,Bistro Don Giovanni,2020-09-21,wayback,18.0,1
pulled pork,,The Depot Eatery,2026-08-05,web,19.0,1
punt e mes,,Bistro Don Giovanni,2017-01-10,wayback,7.5,1
punt e mes,,Bistro Don Giovanni,2019-09-19,wayback,8.0,1
punt e mes,,Bistro Don Giovanni,2020-03-27,wayback,8.0,1
punt e mes,,Bistro Don Giovanni,2020-09-21,wayback,9.0,2
punt e mes,,Bistro Don Giovanni,2021-01-27,wayback,9.0,1
quarter pound all beef hot dog,,Gott's Napa,2011-03-22,wayback,4.99,2
quarter pounder,,Barney's Burgers,2024-01-15,dom,8.99,1
quarter pounder,,Barney's Burgers,2026-08-05,web,6.95,1
quarter pounder deluxe,,McDonald's,2022-04-16,exif,8.85,1
quarter pounder with cheese,,Barney's Burgers,2026-08-05,web,7.45,1
quarter pounder with cheese,,McDonald's,2022-04-16,exif,10.0,2
que pasta,,Bistro Don Giovanni,2023-12-05,wayback,19.0,1
querciabella chianti classico,,Bistro Don Giovanni,2023-12-05,wayback,17.0,1
querciabella chianti classico toscana italy,,Bistro Don Giovanni,2023-04-01,wayback,17.0,1
qupe 09 syrah,Half Bottle,Gott's Napa,2011-03-22,wayback,12.0,1
r my martin xo cognac,,Angele Restaurant & Bar,2014-09-20,wayback,26.0,1
racer 5 ipa,,Farmstead at Long Meadow Ranch,2021-05-11,wayback,6.0,1
racer 5 ipa,,Farmstead at Long Meadow Ranch,2021-08-02,wayback,6.0,1
racer 5 ipa,,Farmstead at Long Meadow Ranch,2024-06-09,wayback,6.0,1
raen by carlo dante mondavi,,Bistro Don Giovanni,2020-09-21,wayback,110.0,1
rafanelli zinfandel,,Bistro Don Giovanni,2020-09-21,wayback,76.0,1
rafanelli zinfandel,Half Bottle,Bistro Don Giovanni,2020-09-21,wayback,48.0,1
ravioli,,Bistro Don Giovanni,2017-01-10,wayback,17.0,1
ravioli,,Bistro Don Giovanni,2019-09-19,wayback,20.0,1
ravioli,,Bistro Don Giovanni,2020-03-27,wayback,20.0,1
ravioli,,Bistro Don Giovanni,2020-09-21,wayback,22.0,2
ravioli,,Bistro Don Giovanni,2021-01-27,wayback,24.0,1
ravioli,,Bistro Don Giovanni,2022-01-20,wayback,28.0,1
ravioli,,Bistro Don Giovanni,2022-05-27,wayback,28.0,1
ravioli,,Bistro Don Giovanni,2023-04-01,wayback,30.0,1
ravioli,,Bistro Don Giovanni,2023-12-05,wayback,31.0,2
ravioli di zucca,,Bistro Don Giovanni,2017-01-10,wayback,18.0,1
ravioli tortellini,,Genova Delicatessen,2024-08-31,exif,15.95,1
ravioli tortellini,,Genova Delicatessen,2026-08-05,fallback,15.95,1
raymond vineyard signature select,,Bistro Don Giovanni,2020-09-21,wayback,40.0,1
reese s cup,,Five Guys,2023-11-27,exif,1.5,1
regular drink,22 fl oz,Five Guys,2023-11-27,exif,2.99,1
relish,,Five Guys,2023-11-27,exif,0.15,1
revive kombucha boogie down,,Gott's Napa,2021-01-17,wayback,4.99,1
revive kombucha wild ginger,,Gott's Napa,2021-01-17,wayback,4.99,1
richard g peterson,,Bistro Don Giovanni,2020-09-21,wayback,108.0,1
rickshaw pinot noir california,,Gott's Napa,2015-05-13,wayback,9.0,1
rickshaw pinot noir california,,Gott's Napa,2015-07-24,wayback,9.0,1
rickshaw pinot noir california,Bottle,Gott's Napa,2015-05-13,wayback,27.0,2
rickshaw pinot noir california,Glass,Gott's Napa,2015-05-13,wayback,9.0,1
ricotta maison,,Angele Restaurant & Bar,2015-02-21,wayback,14.0,1
ridge 10 zinfandel,Half Bottle,Gott's Napa,2014-08-11,wayback,21.0,1
ridge 10 zinfandel,Half bottle,Gott's Napa,2014-08-11,wayback,21.0,1
ridge ponzo,,Bistro Don Giovanni,2020-09-21,wayback,70.0,1
rigatoni bolognese,,Bistro Don Giovanni,2022-05-27,wayback,29.0,1
rigatoni bolognese,,Bistro Don Giovanni,2023-12-05,wayback,32.0,1
rippey family vineyards,,Bistro Don Giovanni,2020-09-21,wayback,34.0,1
ris de veau,,Angele Restaurant & Bar,2012-04-09,wayback,14.0,1
ris de veau,,Angele Restaurant & Bar,2013-04-18,wayback,16.0,1
ris de veau,,Angele Restaurant & Bar,2013-06-27,wayback,16.0,1
risotto,,Bistro Don Giovanni,2017-01-10,wayback,26.0,1
risotto,,Bistro Don Giovanni,2020-03-27,wayback,32.0,1
risotto,,Bistro Don Giovanni,2020-09-21,wayback,30.0,1
risotto,,Bistro Don Giovanni,2021-01-27,wayback,28.0,1
risotto,,Bistro Don Giovanni,2022-01-20,wayback,34.0,1
risotto,,Bistro Don Giovanni,2022-05-27,wayback,36.0,1
risotto,,Bistro Don Giovanni,2023-04-01,wayback,34.0,1
risotto,,Bistro Don Giovanni,2023-12-05,wayback,38.0,2
roast beef,,Genova Delicatessen,2026-08-05,fallback,12.95,1
roasted baby carrots,,Angele Restaurant & Bar,2017-08-29,wayback,9.0,1
roasted beets buckwheat cracker caraway goat cheese citrus red watercress,,Angele Restaurant & Bar,2015-02-25,wayback,16.0,1
roasted beets buckwheat cracker caraway goat cheese citrus red watercress,,Angele Restaurant & Bar,2015-03-05,wayback,16.0,1
roasted brussels sprouts,,Perez Kitchen & Bar,2026-08-05,pdf,14.0,1
roasted cauliflower lentil,,Perez Kitchen & Bar,2026-08-05,pdf,17.0,1
roasted chicken breast crispy boudin blanc winter vegetables wild mushroom and parsnip pur e,,Angele Restaurant & Bar,2015-02-25,wayback,26.0,1
roasted chicken breast crispy boudin blanc winter vegetables wild mushroom and parsnip pur e,,Angele Restaurant & Bar,2015-03-05,wayback,26.0,1
roasted chicken salad butter lettuce citrus farro sherry vinaigrette,,Angele Restaurant & Bar,2016-05-08,wayback,22.0,1
roasted halibut,,Angele Restaurant & Bar,2017-08-29,wayback,30.0,1
roasted pork loin,,Farmstead at Long Meadow Ranch,2021-05-06,wayback,10.0,1
roasted pork loin,,Farmstead at Long Meadow Ranch,2021-05-11,wayback,10.0,1
roasted pork loin,,Farmstead at Long Meadow Ranch,2021-08-02,wayback,10.0,2
roasted pork loin,,Farmstead at Long Meadow Ranch,2024-06-19,wayback,10.0,1
roasted potatoes,,Bistro Don Giovanni,2023-12-05,wayback,8.5,2
roasted veal chop,,Angele Restaurant & Bar,2017-08-29,wayback,36.0,1
rochioli,,Bistro Don Giovanni,2020-09-21,wayback,168.0,1
roederer estate brut ros,,Bistro Don Giovanni,2017-01-10,wayback,17.0,1
roederer estate brut ros,,Bistro Don Giovanni,2023-04-01,wayback,18.0,1
roederer estate brut ros,,Bistro Don Giovanni,2023-12-05,wayback,18.0,2
rogue dead guy ale,,Gott's Napa,2014-12-22,wayback,5.5,1
rogue dead guy ale,,Gott's Napa,2015-05-13,wayback,5.5,1
rogue dead guy ale,,Gott's Napa,2015-07-24,wayback,5.5,1
rogue dead guy ale,12oz,Gott's Napa,2014-08-11,wayback,5.0,2
rogue dead guy ale,12oz,Gott's Napa,2014-10-29,wayback,5.0,1
rogue dead guy ale,12oz,Gott's Napa,2015-02-06,wayback,5.5,2
rogue dead guy ale,12oz,Gott's Napa,2015-05-13,wayback,5.5,1
rogue dead guy ale,12oz,Gott's Napa,2015-11-23,wayback,5.5,1
rogue dead guy ale,Bottled (12oz),Gott's Napa,2014-12-22,wayback,5.5,1
rogue hot brown,,Cartwright's Taprock Northwest Grill,2023-06-10,wayback,18.0,1
romano beans bacon tomato,,Bistro Don Giovanni,2022-05-27,wayback,8.0,1
rombauer,,Bistro Don Giovanni,2020-09-21,wayback,77.0,2
rombauer 13 chardonnay,,Gott's Napa,2014-12-22,wayback,24.0,1
rombauer 13 chardonnay,Half Bottle,Gott's Napa,2011-03-22,wayback,20.0,1
rombauer 13 chardonnay,Half Bottle,Gott's Napa,2014-08-11,wayback,24.0,1
rombauer 13 chardonnay,Half bottle,Gott's Napa,2014-08-11,wayback,24.0,1
rombauer 13 chardonnay napa valley,,Gott's Napa,2012-05-15,wayback,20.0,2
rombauer 13 chardonnay napa valley,,Gott's Napa,2012-06-17,wayback,24.0,1
rombauer 13 chardonnay napa valley,,Gott's Napa,2014-12-22,wayback,24.0,1
rombauer 13 chardonnay napa valley,,Gott's Napa,2015-02-06,wayback,24.0,1
rombauer 13 chardonnay napa valley,Half Bottle,Gott's Napa,2015-05-13,wayback,24.0,1
rombauer 13 chardonnay napa valley,Half Bottle,Gott's Napa,2015-11-23,wayback,24.0,1
rombauer 13 chardonnay napa valley,half bottle,Gott's Napa,2015-05-13,wayback,24.0,1
rombauer chardonnay,Half Bottle,Bistro Don Giovanni,2020-09-21,wayback,40.0,1
rombauer chardonnay,,Gott's Napa,2012-06-17,wayback,24.0,1
rombauer chardonnay,Half Bottle,Gott's Napa,2014-10-29,wayback,24.0,1
rombauer chardonnay,Half Bottle,Gott's Napa,2015-02-06,wayback,24.0,1
rombauer chardonnay,Half Bottle,Gott's Napa,2015-02-13,wayback,24.0,1
rombauer chardonnay,Half Bottle,Gott's Napa,2017-07-22,wayback,26.0,1
rombauer chardonnay,Half Bottle,Gott's Napa,2021-01-17,wayback,30.0,1
rooster special,,The Depot Eatery,2026-08-05,web,15.0,1
root beer float,,Gott's Napa,2011-03-22,wayback,4.99,2
root beer float,,Gott's Napa,2014-08-11,wayback,4.99,2
root beer float,,Gott's Napa,2014-12-22,wayback,4.99,2
root beer float,,Gott's Napa,2021-01-17,wayback,4.99,1
rootbeer float,,Gott's Napa,2012-05-15,wayback,4.99,2
rootbeer float,,Gott's Napa,2012-06-17,wayback,4.99,1
rootbeer float,,Gott's Napa,2014-10-29,wayback,4.99,1
rootbeer float,,Gott's Napa,2015-02-13,wayback,4.99,1
rootbeer float with vanilla bean ice cream,,Gott's Napa,2012-06-17,wayback,4.99,1
rosemary ham,,Genova Delicatessen,2026-08-05,fallback,12.95,1
rosemary potato pancakes eggs,,Cartwright's Taprock Northwest Grill,2014-08-01,wayback,9.99,1
rosemary roasted potatoes,,Bistro Don Giovanni,2017-01-10,wayback,7.0,1
rosemary roasted potatoes,,Bistro Don Giovanni,2019-09-19,wayback,8.0,1
rosemary roasted potatoes,,Bistro Don Giovanni,2020-03-27,wayback,8.0,1
rosemary roasted potatoes,,Bistro Don Giovanni,2020-09-21,wayback,8.0,2
rosemary roasted potatoes,,Bistro Don Giovanni,2021-01-27,wayback,8.0,1
rosemary roasted potatoes,,Bistro Don Giovanni,2022-01-20,wayback,8.0,1
rosemary roasted potatoes,,Bistro Don Giovanni,2022-05-27,wayback,8.0,1
rosemary roasted potatoes,,Bistro Don Giovanni,2023-04-01,wayback,8.0,1
rotisserie chicken,,Genova Delicatessen,2026-08-05,fallback,15.95,1
rotisserie chicken,1/2,Genova Delicatessen,2024-08-31,exif,15.95,1
roulade de saumon,,Angele Restaurant & Bar,2012-04-09,wayback,27.0,1
round pond estate,,Bistro Don Giovanni,2020-09-21,wayback,62.0,1
roy rogers,,Farmstead at Long Meadow Ranch,2025-10-15,pdf,7.0,1
ruhstaller 1881 red ale,,Gott's Napa,2015-05-13,wayback,6.5,2
ruhstaller 1881 red ale,,Gott's Napa,2015-07-24,wayback,6.0,1
ruhstaller 1881 red ale,16oz,Gott's Napa,2014-08-11,wayback,6.0,1
ruhstaller 1881 red ale,16oz,Gott's Napa,2014-12-22,wayback,6.0,1
ruhstaller 1881 red ale,Draft,Gott's Napa,2015-02-06,wayback,6.0,1
ruhstaller 1881 red ale,Draft (16oz),Gott's Napa,2014-08-11,wayback,6.0,1
ruhstaller 1881 red ale,Draft (16oz),Gott's Napa,2014-12-22,wayback,6.0,1
rusty s roundup,,Barney's Burgers,2026-08-05,web,10.45,1
rutherford ranch cabernet sauvignon,,Gott's Napa,2015-07-24,wayback,10.0,1
rutherford ranch cabernet sauvignon,Bottle,Gott's Napa,2015-02-06,wayback,30.0,1
rutherford ranch cabernet sauvignon,Glass,Gott's Napa,2015-02-06,wayback,10.0,1
rutherford ranch cabernet sauvignon napa valley,,Gott's Napa,2015-02-06,wayback,10.0,1
rutherford ranch cabernet sauvignon napa valley,,Gott's Napa,2015-05-13,wayback,10.0,1
rutherford ranch cabernet sauvignon napa valley,Bottle,Gott's Napa,2015-02-06,wayback,30.0,1
rutherford ranch cabernet sauvignon napa valley,Bottle,Gott's Napa,2015-05-13,wayback,30.0,2
rutherford ranch cabernet sauvignon napa valley,Glass,Gott's Napa,2015-05-13,wayback,10.0,1
saginaw golden ale,,Bistro Don Giovanni,2019-09-19,wayback,8.0,1
saginaw golden ale,,Bistro Don Giovanni,2020-03-27,wayback,8.0,1
saginaw golden ale,,Bistro Don Giovanni,2020-09-21,wayback,9.0,2
saginaw golden ale,22oz,Bistro Don Giovanni,2017-01-10,wayback,12.0,1
saint archer blonde ale,,Gott's Napa,2015-05-13,wayback,4.5,1
saint archer blonde ale,12oz,Gott's Napa,2015-02-06,wayback,4.5,2
saint archer blonde ale,12oz,Gott's Napa,2015-05-13,wayback,4.5,1
saint archer white ale,,Gott's Napa,2015-07-24,wayback,5.0,1
saint archer white ale,16oz,Gott's Napa,2015-11-23,wayback,6.5,1
saintsbury,,Bistro Don Giovanni,2020-09-21,wayback,74.0,1
salad of garden lettuce,,Farmstead at Long Meadow Ranch,2026-06-15,pdf,18.0,1
salad of lacinato kale,,Farmstead at Long Meadow Ranch,2026-06-15,pdf,17.0,1
salade d hiver,,Angele Restaurant & Bar,2015-02-21,wayback,16.0,1
salade de betteraves,,Angele Restaurant & Bar,2012-04-09,wayback,12.0,1
salade de lapin,,Angele Restaurant & Bar,2013-04-18,wayback,12.0,1
salade de lapin,,Angele Restaurant & Bar,2013-06-27,wayback,12.0,1
salade de legumes,,Angele Restaurant & Bar,2012-04-09,wayback,12.0,1
salade de pissenlit,,Angele Restaurant & Bar,2013-04-18,wayback,16.0,1
salade de pissenlit,,Angele Restaurant & Bar,2013-06-27,wayback,16.0,1
salade lyonnaise,,Angele Restaurant & Bar,2015-02-21,wayback,16.0,1
salade lyonnaise fris e salad warm de puy lentils poached egg sherry walnut vinaigrette lardons,,Angele Restaurant & Bar,2015-02-25,wayback,16.0,1
salade lyonnaise fris e salad warm de puy lentils poached egg sherry walnut vinaigrette lardons,,Angele Restaurant & Bar,2015-03-05,wayback,16.0,1
salade lyonnaise fris e salad warm de puy lentils poached egg sherry walnut vinaigrette lardons,,Angele Restaurant & Bar,2015-11-06,wayback,20.0,1
salade lyonnaise fris e salad warm de puy lentils poached egg sherry walnut vinaigrette lardons,,Angele Restaurant & Bar,2016-04-12,wayback,20.0,1
salade lyonnaise fris e salad warm de puy lentils poached egg sherry walnut vinaigrette lardons,,Angele Restaurant & Bar,2016-05-08,wayback,20.0,1
salade ni oise,,Angele Restaurant & Bar,2013-04-18,wayback,16.0,1
salade ni oise,,Angele Restaurant & Bar,2013-06-27,wayback,16.0,1
salade ni oise,,Angele Restaurant & Bar,2015-02-21,wayback,16.0,1
salame toscano,,Bistro Don Giovanni,2020-03-27,wayback,23.0,1
salami,,Bistro Don Giovanni,2017-01-10,wayback,19.0,1
salami,,Genova Delicatessen,2026-08-05,fallback,12.95,1
salami cotto,,Genova Delicatessen,2026-08-05,fallback,12.95,1
salanova lettuce,,Boon Fly Café,2026-07-04,exif,18.0,1
salmon chowder,,Bistro Don Giovanni,2017-01-10,wayback,10.0,1
salsa macha shrimp,,Perez Kitchen & Bar,2026-08-05,pdf,15.0,1
salted caramel,,Five Guys,2023-11-27,exif,0.45,1
salumi,,Bistro Don Giovanni,2023-04-01,wayback,20.0,1
salumi,,Bistro Don Giovanni,2023-12-05,wayback,20.0,2
salus by staglin family chardonnay,Half Bottle,Bistro Don Giovanni,2020-09-21,wayback,56.0,1
sam s valley omelet gf,,Cartwright's Taprock Northwest Grill,2014-08-01,wayback,10.69,1
sam s valley omelet gf,,Cartwright's Taprock Northwest Grill,2023-06-10,wayback,16.0,1
san pellegrino sparkling water,,Bistro Don Giovanni,2022-01-20,wayback,10.0,1
san pellegrino sparkling water,,Bistro Don Giovanni,2022-05-27,wayback,11.0,1
san pellegrino sparkling water,,Bistro Don Giovanni,2023-04-01,wayback,11.0,1
san pellegrino sparkling water,,Bistro Don Giovanni,2023-12-05,wayback,11.0,2
san pellegrino sparkling water,1ltr,Bistro Don Giovanni,2019-09-19,wayback,8.0,1
san pellegrino sparkling water,1ltr,Bistro Don Giovanni,2020-03-27,wayback,8.0,1
san pellegrino sparkling water,1ltr,Bistro Don Giovanni,2020-09-21,wayback,9.0,2
san pellegrino sparkling water,1ltr,Bistro Don Giovanni,2021-01-27,wayback,10.0,1
san pellegrino sparkling water,500ml,Bistro Don Giovanni,2019-09-19,wayback,4.0,1
san pellegrino sparkling water,500ml,Bistro Don Giovanni,2020-03-27,wayback,4.0,1
san pellegrino sparkling water,500ml,Bistro Don Giovanni,2020-09-21,wayback,4.0,2
san pellegrino sparkling water,500ml,Bistro Don Giovanni,2021-01-27,wayback,5.0,1
sandra,,Perez Kitchen & Bar,2026-08-05,pdf,22.0,1
sandwich,,Code 4 Taphouse,2025-11-15,exif,14.75,1
sandwich reg,,Genova Delicatessen,2026-08-05,fallback,12.95,1
sandwich w cheese,,Genova Delicatessen,2026-08-05,fallback,13.95,1
santa margherita pinot grigio,,Bistro Don Giovanni,2020-03-27,wayback,13.0,1
santa margherita pinot grigio,,Bistro Don Giovanni,2020-09-21,wayback,14.0,3
santa margherita pinot grigio,,Bistro Don Giovanni,2021-01-27,wayback,14.0,1
santa margherita pinot grigio trentino alto adige italy,,Bistro Don Giovanni,2019-09-19,wayback,13.0,1
santa margherita pinot grigio valdadige veneto italy,,Bistro Don Giovanni,2020-09-21,wayback,14.0,1
sassy rita,,Bistro Don Giovanni,2019-09-19,wayback,14.0,1
sassy rita,,Bistro Don Giovanni,2020-03-27,wayback,14.0,1
sassy rita,,Bistro Don Giovanni,2020-09-21,wayback,14.0,2
sassy rita,,Bistro Don Giovanni,2021-01-27,wayback,14.0,1
sassy rita,,Bistro Don Giovanni,2022-01-20,wayback,14.0,1
sassy rita,,Bistro Don Giovanni,2022-05-27,wayback,14.0,1
sassy rita,,Bistro Don Giovanni,2023-04-01,wayback,15.0,1
saumon r ti,,Angele Restaurant & Bar,2015-02-21,wayback,28.0,1
saut ed brussels sprouts,,Bistro Don Giovanni,2017-01-10,wayback,8.0,1
saut ed garden greens,,Bistro Don Giovanni,2021-01-27,wayback,8.0,1
saut ed garden greens,,Bistro Don Giovanni,2022-01-20,wayback,8.0,1
saut ed garden greens,,Bistro Don Giovanni,2022-05-27,wayback,8.0,1
saut ed garden greens,,Bistro Don Giovanni,2023-04-01,wayback,8.0,1
saut ed garden greens,,Bistro Don Giovanni,2023-12-05,wayback,8.5,2
saut ed garden greens garlic lemon,,Bistro Don Giovanni,2019-09-19,wayback,8.0,1
saut ed garden greens garlic lemon,,Bistro Don Giovanni,2020-09-21,wayback,8.0,2
saut ed spinach,,Bistro Don Giovanni,2017-01-10,wayback,7.0,1
saut ed winter greens sherry and quince vinaigrette,,Angele Restaurant & Bar,2015-02-25,wayback,8.0,1
saut ed winter greens sherry and quince vinaigrette,,Angele Restaurant & Bar,2015-03-05,wayback,8.0,1
sauvignon blanc daisy,Bottle,Gott's Napa,2021-01-17,wayback,32.0,1
sauvignon blanc daisy,Glass,Gott's Napa,2021-01-17,wayback,8.0,1
sauvignon blanc pomelo,Bottle,Gott's Napa,2017-07-22,wayback,27.0,1
sauvignon blanc pomelo,Glass,Gott's Napa,2017-07-22,wayback,9.0,1
saxon brown 07 pinot noir sonoma,Half Bottle,Gott's Napa,2011-03-22,wayback,22.0,1
sazerac cocktail,,Bistro Don Giovanni,2017-01-10,wayback,14.0,1
scarpone montepulciano d abruzzo,,Bistro Don Giovanni,2019-09-19,wayback,14.0,1
scarpone montepulciano d abruzzo,,Bistro Don Giovanni,2020-03-27,wayback,14.0,1
scarpone montepulciano d abruzzo,,Bistro Don Giovanni,2020-09-21,wayback,14.0,3
scarpone montepulciano d abruzzo,,Bistro Don Giovanni,2021-01-27,wayback,14.0,1
scarpone montepulciano d abruzzo,,Bistro Don Giovanni,2022-01-20,wayback,16.0,1
scarpone montepulciano d abruzzo,,Bistro Don Giovanni,2023-04-01,wayback,16.0,1
scarpone montepulciano d abruzzo,,Bistro Don Giovanni,2023-12-05,wayback,16.0,2
schramsberg 09 blanc de blancs,,Gott's Napa,2012-05-15,wayback,22.0,1
schramsberg 09 blanc de blancs,,Gott's Napa,2012-06-17,wayback,22.0,2
schramsberg 09 blanc de blancs,,Gott's Napa,2014-08-11,wayback,23.0,1
schramsberg 09 blanc de blancs,,Gott's Napa,2014-12-22,wayback,26.0,2
schramsberg 09 blanc de blancs,,Gott's Napa,2015-02-13,wayback,22.0,1
schramsberg 09 blanc de blancs,,Gott's Napa,2015-05-13,wayback,26.0,1
schramsberg 09 blanc de blancs,,Gott's Napa,2015-07-24,wayback,26.0,1
schramsberg 09 blanc de blancs,375ml,Gott's Napa,2011-03-22,wayback,22.0,1
schramsberg 09 blanc de blancs,375ml,Gott's Napa,2012-05-15,wayback,22.0,1
schramsberg 09 blanc de blancs,375ml,Gott's Napa,2014-08-11,wayback,23.0,1
schramsberg 09 blanc de blancs,375ml,Gott's Napa,2015-02-06,wayback,26.0,2
schramsberg 09 blanc de blancs,375ml,Gott's Napa,2015-05-13,wayback,26.0,1
schramsberg 09 blanc de blancs,375ml,Gott's Napa,2015-11-23,wayback,26.0,1
schramsberg 09 blanc de blancs,375ml,Gott's Napa,2017-07-22,wayback,29.0,1
schramsberg 09 blanc de blancs,375ml,Gott's Napa,2021-01-17,wayback,33.0,1
schramsberg blanc de blanc,,Bistro Don Giovanni,2020-09-21,wayback,74.0,1
schramsberg brut ros,,Bistro Don Giovanni,2020-03-27,wayback,19.0,1
schramsberg brut ros,,Bistro Don Giovanni,2020-09-21,wayback,48.5,4
schramsberg brut ros,,Bistro Don Giovanni,2021-01-27,wayback,19.0,1
schramsberg brut ros,,Bistro Don Giovanni,2022-05-27,wayback,19.0,1
schramsberg brut ros,,Bistro Don Giovanni,2023-12-05,wayback,21.0,2
schramsberg brut ros north coast,,Bistro Don Giovanni,2019-09-19,wayback,19.0,1
schramsberg brut ros north coast,,Bistro Don Giovanni,2020-09-21,wayback,19.0,1
schramsberg brut ros north coast,,Bistro Don Giovanni,2022-01-20,wayback,19.0,1
schramsberg brut ros north coast,,Bistro Don Giovanni,2023-04-01,wayback,22.0,1
screwdriver orange juice vodka,,Cartwright's Taprock Northwest Grill,2014-08-01,wayback,5.0,1
scrimshaw pilsner,,Bistro Don Giovanni,2023-12-05,wayback,8.0,1
scrimshaw pilsner,,Farmstead at Long Meadow Ranch,2021-05-11,wayback,6.0,1
scrimshaw pilsner,,Farmstead at Long Meadow Ranch,2021-08-02,wayback,6.0,1
scrimshaw pilsner,,Farmstead at Long Meadow Ranch,2024-06-09,wayback,6.0,1
seafood chicken,,Gott's Napa,2013-02-28,wayback,2500.0,1
seafood omlet,,The Depot Eatery,2026-08-05,web,19.0,1
sean minor 09 pinot noir napa valley,Bottle,Gott's Napa,2011-03-22,wayback,24.0,1
sean minor 09 pinot noir napa valley,Glass,Gott's Napa,2011-03-22,wayback,8.0,1
sean minor 12 cabernet sauvignon napa valley,,Gott's Napa,2015-11-23,wayback,10.0,1
sean minor 12 cabernet sauvignon napa valley,Bottle,Gott's Napa,2015-11-23,wayback,30.0,1
seared salmon filet,,Bistro Don Giovanni,2017-01-10,wayback,29.0,1
seared salmon filet,,Bistro Don Giovanni,2019-09-19,wayback,32.0,1
seared salmon filet,,Bistro Don Giovanni,2020-03-27,wayback,32.0,1
seared salmon filet,,Bistro Don Giovanni,2021-01-27,wayback,35.0,1
seared salmon filet,,Bistro Don Giovanni,2022-01-20,wayback,36.0,1
seared salmon filet,,Bistro Don Giovanni,2022-05-27,wayback,36.0,1
seared salmon filet,,Bistro Don Giovanni,2023-04-01,wayback,38.0,1
seared salmon filet,,Bistro Don Giovanni,2023-12-05,wayback,38.0,2
seared wild king salmon filet,,Bistro Don Giovanni,2020-09-21,wayback,37.0,2
seattle hazelnut latt frangelico latt,,Cartwright's Taprock Northwest Grill,2014-08-01,wayback,7.5,1
seghesio,,Bistro Don Giovanni,2020-09-21,wayback,48.0,1
seghesio 12 zinfandel,,Gott's Napa,2014-12-22,wayback,17.0,2
seghesio 12 zinfandel,,Gott's Napa,2015-02-06,wayback,17.0,1
seghesio 12 zinfandel,Half Bottle,Gott's Napa,2015-05-13,wayback,17.0,1
seghesio 12 zinfandel,Half Bottle,Gott's Napa,2015-11-23,wayback,17.0,1
seghesio 12 zinfandel,half bottle,Gott's Napa,2015-05-13,wayback,17.0,1
seghesio zinfandel,,Bistro Don Giovanni,2017-01-10,wayback,12.0,1
seghesio zinfandel,Half Bottle,Gott's Napa,2015-02-06,wayback,17.0,1
seghesio zinfandel,Half Bottle,Gott's Napa,2021-01-17,wayback,23.0,1
select two,Large,Gott's Napa,2015-09-05,wayback,5.99,1
select two,Small,Gott's Napa,2015-09-05,wayback,4.99,1
selection of three artisan cheeses fruit compote toasted country bread honey brioche,,Angele Restaurant & Bar,2016-05-08,wayback,18.0,1
shafer 11 cabernet sauvignon,,Gott's Napa,2012-05-15,wayback,38.0,2
shafer 11 cabernet sauvignon,,Gott's Napa,2012-06-17,wayback,50.0,2
shafer 11 cabernet sauvignon,,Gott's Napa,2014-12-22,wayback,50.0,1
shafer 11 cabernet sauvignon,,Gott's Napa,2015-02-06,wayback,53.0,1
shafer 11 cabernet sauvignon,Half Bottle,Gott's Napa,2011-03-22,wayback,38.0,1
shafer 11 cabernet sauvignon,Half Bottle,Gott's Napa,2014-08-11,wayback,50.0,1
shafer 11 cabernet sauvignon,Half Bottle,Gott's Napa,2014-10-29,wayback,50.0,1
shafer 11 cabernet sauvignon,Half Bottle,Gott's Napa,2015-02-06,wayback,53.0,1
shafer 11 cabernet sauvignon,Half Bottle,Gott's Napa,2015-02-13,wayback,50.0,1
shafer 11 cabernet sauvignon,Half Bottle,Gott's Napa,2015-05-13,wayback,53.0,1
shafer 11 cabernet sauvignon,Half Bottle,Gott's Napa,2015-11-23,wayback,53.0,1
shafer 11 cabernet sauvignon,Half Bottle,Gott's Napa,2017-07-22,wayback,64.0,1
shafer 11 cabernet sauvignon,Half Bottle,Gott's Napa,2021-01-17,wayback,79.0,1
shafer 11 cabernet sauvignon,Half bottle,Gott's Napa,2014-08-11,wayback,50.0,1
shafer 11 cabernet sauvignon,half bottle,Gott's Napa,2015-05-13,wayback,53.0,1
shafer red shoulder ranch,,Bistro Don Giovanni,2020-09-21,wayback,104.0,1
shakes,,Gott's Napa,2011-03-22,wayback,5.99,2
shakes,,Gott's Napa,2012-05-15,wayback,5.99,2
shakes,,Gott's Napa,2012-06-17,wayback,5.99,2
shakes,,Gott's Napa,2013-02-28,wayback,5.0,2
shakes,,Gott's Napa,2015-02-13,wayback,5.99,1
shakes,12oz,Gott's Napa,2014-08-11,wayback,5.99,1
shakes,12oz,Gott's Napa,2021-01-17,wayback,5.99,1
shakes,16oz,Gott's Napa,2014-08-11,wayback,6.99,1
shakes,16oz,Gott's Napa,2021-01-17,wayback,6.99,1
shakes,,In-N-Out Burger,2026-06-25,exif,3.05,4
shakes,,In-N-Out Burger,2025-02-25,exif,2.9,1
shakes,,In-N-Out Burger,2026-06-11,exif,3.05,1
shakes,,McDonald's,2022-04-16,exif,3.09,1
shakes malts,Large,Barney's Burgers,2024-01-15,dom,9.79,1
shakes malts,Medium,Barney's Burgers,2024-01-15,dom,6.49,1
shakes malts,Small,Barney's Burgers,2024-01-15,dom,4.99,1
shakes malts large,Large,Barney's Burgers,2025-11-21,exif,7.8,1
shakes malts medium,Medium,Barney's Burgers,2025-11-21,exif,6.5,1
shakes malts small,Small,Barney's Burgers,2025-11-21,exif,5.0,1
shakes with organic ice cream milk,12oz,Gott's Napa,2014-12-22,wayback,5.99,2
shakes with organic ice cream milk,12oz,Gott's Napa,2015-02-06,wayback,5.99,2
shakes with organic ice cream milk,12oz,Gott's Napa,2015-05-13,wayback,5.99,8
shakes with organic ice cream milk,12oz,Gott's Napa,2015-11-23,wayback,5.99,1
shakes with organic ice cream milk,12oz,Gott's Napa,2017-07-22,wayback,5.99,1
shakes with organic ice cream milk,12oz.,Gott's Napa,2015-07-24,wayback,5.99,1
shakes with organic ice cream milk,16oz,Gott's Napa,2014-12-22,wayback,6.99,2
shakes with organic ice cream milk,16oz,Gott's Napa,2015-02-06,wayback,6.99,2
shakes with organic ice cream milk,16oz,Gott's Napa,2015-05-13,wayback,6.99,2
shakes with organic ice cream milk,16oz,Gott's Napa,2015-11-23,wayback,6.99,1
shakes with organic ice cream milk,16oz,Gott's Napa,2017-07-22,wayback,6.99,1
shakes with organic ice cream milk,16oz.,Gott's Napa,2015-07-24,wayback,6.99,1
shirley temple,,Farmstead at Long Meadow Ranch,2025-10-15,pdf,6.0,1
short stack or full stack,Full Stack,The Depot Eatery,2026-08-05,web,8.0,1
short stack or full stack,Short Stack,The Depot Eatery,2026-08-05,web,6.0,1
shrimp cocktail,,The Depot Eatery,2026-08-05,web,16.0,1
shrimp tacos,,Gott's Napa,2011-03-22,wayback,10.99,1
shrimp tacos,,Gott's Napa,2012-05-15,wayback,10.99,2
shrimp tacos,,Gott's Napa,2012-06-17,wayback,11.99,2
shrimp tacos,2 tacos,Gott's Napa,2011-03-22,wayback,10.99,1
sicilian vodka soda,,Bistro Don Giovanni,2023-12-05,wayback,16.0,1
side of cheese sauce,,Gott's Napa,2021-01-17,wayback,1.5,1
side of hobbs bacon,,Angele Restaurant & Bar,2016-05-08,wayback,8.0,1
side of saut ed marble potatoes,,Angele Restaurant & Bar,2016-05-08,wayback,8.0,1
siduri 12 pinot noir,,Gott's Napa,2012-05-15,wayback,18.0,2
siduri 12 pinot noir,,Gott's Napa,2014-12-22,wayback,20.0,1
siduri 12 pinot noir,Half Bottle,Gott's Napa,2014-08-11,wayback,18.0,1
siduri 12 pinot noir,Half Bottle,Gott's Napa,2014-10-29,wayback,18.0,1
siduri 12 pinot noir,Half Bottle,Gott's Napa,2015-02-06,wayback,20.0,1
siduri 12 pinot noir,Half Bottle,Gott's Napa,2015-05-13,wayback,20.0,1
siduri 12 pinot noir,Half bottle,Gott's Napa,2014-08-11,wayback,18.0,1
siduri 12 pinot noir,half bottle,Gott's Napa,2015-05-13,wayback,20.0,1
siduri 12 pinot noir russian river valley,,Gott's Napa,2014-12-22,wayback,20.0,1
siduri 12 pinot noir russian river valley,,Gott's Napa,2015-02-06,wayback,20.0,1
siduri john sebastiano vineyard,,Bistro Don Giovanni,2020-09-21,wayback,98.0,1
siduri pinot noir,Half Bottle,Bistro Don Giovanni,2020-09-21,wayback,35.0,1
sierra hash,,Code 4 Taphouse,2025-11-15,exif,14.95,1
sierra nevada pale ale,,Bistro Don Giovanni,2017-01-10,wayback,5.0,1
sierra nevada pale ale,,Bistro Don Giovanni,2019-09-19,wayback,6.0,1
sierra nevada pale ale,,Bistro Don Giovanni,2020-03-27,wayback,6.0,1
sierra nevada pale ale,,Bistro Don Giovanni,2020-09-21,wayback,7.0,2
sierra nevada pale ale,,Bistro Don Giovanni,2022-01-20,wayback,7.0,1
sierra nevada pale ale,,Bistro Don Giovanni,2022-05-27,wayback,7.0,1
sierra nevada pale ale,,Bistro Don Giovanni,2023-04-01,wayback,7.0,1
sierra nevada pale ale,,Bistro Don Giovanni,2023-12-05,wayback,7.5,2
sierra nevada pale ale,,Gott's Napa,2015-05-13,wayback,6.0,2
sierra nevada pale ale,,Gott's Napa,2015-07-24,wayback,6.0,1
sierra nevada pale ale,,Gott's Napa,2017-07-22,wayback,5.0,1
sierra nevada pale ale,,Gott's Napa,2021-01-17,wayback,5.0,1
sierra nevada pale ale,12oz,Gott's Napa,2015-11-23,wayback,5.0,1
sierra nevada pale ale,16oz,Gott's Napa,2014-08-11,wayback,6.0,1
sierra nevada pale ale,16oz,Gott's Napa,2014-12-22,wayback,6.0,1
sierra nevada pale ale,Draft,Gott's Napa,2015-02-06,wayback,6.0,1
sierra nevada pale ale,Draft (16oz),Gott's Napa,2014-08-11,wayback,6.0,1
sierra nevada pale ale,Draft (16oz),Gott's Napa,2014-12-22,wayback,6.0,1
siete leguas a ejo,,Angele Restaurant & Bar,2014-09-20,wayback,16.0,1
silverado vineyards sangiovese,,Bistro Don Giovanni,2017-01-10,wayback,16.0,1
silverado vineyards sangiovese,,Bistro Don Giovanni,2020-03-27,wayback,16.0,1
silverado vineyards sangiovese,,Bistro Don Giovanni,2020-09-21,wayback,16.0,2
silverado vineyards sangiovese,,Bistro Don Giovanni,2021-01-27,wayback,16.0,1
silverado vineyards sangiovese napa valley,,Bistro Don Giovanni,2019-09-19,wayback,16.0,1
silverado vineyards sangiovese napa valley,,Bistro Don Giovanni,2020-09-21,wayback,16.0,1
silverado vineyards sangiovese napa valley,,Bistro Don Giovanni,2022-01-20,wayback,16.0,1
sixteen by twenty,,Bistro Don Giovanni,2020-09-21,wayback,54.0,1
smashburger seasoned fries,,Perez Kitchen & Bar,2026-08-05,pdf,17.0,2
smith woodhouse lbv 01,,Angele Restaurant & Bar,2014-09-20,wayback,12.0,1
smoked chicken club,,Farmstead at Long Meadow Ranch,2021-05-06,wayback,25.0,1
smoked chicken club,,Farmstead at Long Meadow Ranch,2021-08-02,wayback,25.0,1
smoked chicken egg,,Gott's Napa,2013-04-02,wayback,4.99,1
smoked chicken po boy,,Gott's Napa,2012-05-15,wayback,10.99,2
smoked chicken wings,,Farmstead at Long Meadow Ranch,2026-06-15,pdf,19.0,1
smoked pork hash,,Farmstead at Long Meadow Ranch,2026-06-15,pdf,38.0,1
smoked turkey,,Genova Delicatessen,2026-08-05,fallback,12.95,1
smoky bacon bloody mary,,Cartwright's Taprock Northwest Grill,2023-06-10,wayback,10.0,1
soda,12oz,Barney's Burgers,2026-08-05,web,2.0,1
soda,24oz,Barney's Burgers,2026-08-05,web,2.8,1
soda,32oz,Barney's Burgers,2026-08-05,web,3.25,1
soda flavor add on,,Gott's Napa,2014-10-29,wayback,0.99,1
soda flavor add on,,Gott's Napa,2015-02-13,wayback,0.99,1
soft drinks,,McDonald's,2022-04-16,exif,1.0,1
soft drinks tea and coffee,,Farmstead at Long Meadow Ranch,2021-05-11,wayback,10.0,1
soft serve,,Farmstead at Long Meadow Ranch,2025-10-15,pdf,4.0,1
soft shell crab sandwich,,Gott's Napa,2026-05-25,exif,14.99,1
solomon,,Perez Kitchen & Bar,2026-08-05,pdf,22.0,1
sonoma cutrer 13 chardonnay russian river ranches,,Gott's Napa,2015-11-23,wayback,11.0,1
sonoma cutrer 13 chardonnay russian river ranches,Bottle,Gott's Napa,2015-11-23,wayback,33.0,1
sonoma cutrer chardonnay,Half Bottle,Bistro Don Giovanni,2020-09-21,wayback,26.0,1
sonoma cutrer russian river ranches,,Bistro Don Giovanni,2020-09-21,wayback,45.0,1
soppressata,,Bistro Don Giovanni,2022-05-27,wayback,24.0,1
sopressata,,Genova Delicatessen,2026-08-05,fallback,14.95,1
sorbet du jour,,Angele Restaurant & Bar,2014-09-20,wayback,7.0,1
soup of the day,,Bistro Don Giovanni,2019-09-19,wayback,12.0,1
soup of the day,,Bistro Don Giovanni,2022-05-27,wayback,16.0,1
soupe a l ail vert,,Angele Restaurant & Bar,2013-06-27,wayback,9.0,1
soupe de lentilles,,Angele Restaurant & Bar,2013-04-18,wayback,9.0,1
soupe gratin e l oignon,,Angele Restaurant & Bar,2012-04-09,wayback,9.0,1
soupe gratin e l oignon,,Angele Restaurant & Bar,2015-02-21,wayback,12.0,1
sourdough jack burger,,Jack in the Box,2025-08-11,exif,7.89,1
sourdough jack combo,,Jack in the Box,2025-08-11,exif,12.19,1
southern,,Gott's Napa,2013-04-02,wayback,5.99,1
spaghetti clams,,Bistro Don Giovanni,2017-01-10,wayback,24.0,1
spaghetti clams,,Bistro Don Giovanni,2019-09-19,wayback,24.0,1
spaghetti clams,,Bistro Don Giovanni,2020-03-27,wayback,24.0,1
spaghetti clams,,Bistro Don Giovanni,2020-09-21,wayback,25.0,2
spaghetti clams,,Bistro Don Giovanni,2021-01-27,wayback,26.0,1
spaghetti clams,,Bistro Don Giovanni,2022-01-20,wayback,28.0,1
spaghetti clams,,Bistro Don Giovanni,2022-05-27,wayback,29.0,1
spaghetti clams,,Bistro Don Giovanni,2023-04-01,wayback,32.0,1
spaghetti clams,,Bistro Don Giovanni,2023-12-05,wayback,33.5,2
spanish omlet,,The Depot Eatery,2026-08-05,web,18.0,1
sparkling juice,,Gott's Napa,2011-03-22,wayback,2.49,2
sparkling juice,,Gott's Napa,2012-05-15,wayback,2.49,2
sparkling juice,,Gott's Napa,2012-06-17,wayback,2.69,2
sparkling juice,,Gott's Napa,2014-08-11,wayback,2.99,2
sparkling juice,,Gott's Napa,2014-10-29,wayback,2.69,1
sparkling juice,,Gott's Napa,2014-12-22,wayback,2.99,2
sparkling juice,,Gott's Napa,2015-02-06,wayback,2.99,2
sparkling juice,,Gott's Napa,2015-02-13,wayback,2.69,1
sparkling juice,,Gott's Napa,2015-11-23,wayback,2.99,1
sparkling lavender limeade,,Angele Restaurant & Bar,2015-03-05,wayback,8.0,1
sparkling mineral water,,Gott's Napa,2011-03-22,wayback,2.49,2
sparkling mineral water,,Gott's Napa,2012-05-15,wayback,2.49,2
sparkling mineral water,,Gott's Napa,2012-06-17,wayback,2.69,2
sparkling mineral water,,Gott's Napa,2014-08-11,wayback,2.69,2
sparkling mineral water,,Gott's Napa,2014-10-29,wayback,2.69,1
sparkling mineral water,,Gott's Napa,2014-12-22,wayback,2.69,2
sparkling mineral water,,Gott's Napa,2015-02-06,wayback,2.69,2
sparkling mineral water,,Gott's Napa,2015-02-13,wayback,2.69,1
sparkling water mr pibb,,Gott's Napa,2021-01-17,wayback,3.29,1
sparkling water orange,,Gott's Napa,2021-01-17,wayback,3.29,1
special tortilla soup,,Taqueria El Charro Viejo,2022-12-07,exif,11.5,1
specialty shakes,12oz,Gott's Napa,2021-01-17,wayback,6.99,1
specialty shakes,16oz,Gott's Napa,2021-01-17,wayback,7.99,1
spicy chicken,,Barney's Burgers,2024-01-15,dom,8.99,1
spicy chicken,,Gott's Napa,2012-05-15,wayback,10.99,2
spicy chicken,,Gott's Napa,2012-06-17,wayback,10.99,2
spicy chicken harissa,,Perez Kitchen & Bar,2026-08-05,pdf,19.0,1
spicy coppa salame,,Bistro Don Giovanni,2019-09-19,wayback,23.0,1
spicy deluxe crispy chicken sandwich,,McDonald's,2022-04-16,exif,9.39,1
spicy jack,,Barney's Burgers,2024-01-15,dom,10.99,1
spicy tomato soup,Bowl,Gott's Napa,2011-03-22,wayback,5.99,2
spicy tomato soup,Bowl,Gott's Napa,2012-05-15,wayback,5.99,2
spicy tomato soup,Bowl,Gott's Napa,2012-06-17,wayback,5.99,2
spicy tomato soup,Bowl,Gott's Napa,2014-08-11,wayback,5.99,2
spicy tomato soup,Bowl,Gott's Napa,2014-10-29,wayback,5.99,1
spicy tomato soup,Bowl,Gott's Napa,2014-12-22,wayback,5.99,2
spicy tomato soup,Bowl,Gott's Napa,2015-02-06,wayback,5.99,2
spicy tomato soup,Bowl,Gott's Napa,2015-05-13,wayback,5.99,2
spicy tomato soup,Bowl,Gott's Napa,2015-11-23,wayback,5.99,1
spicy tomato soup,Bowl,Gott's Napa,2017-07-22,wayback,6.99,1
spicy tomato soup,Bowl,Gott's Napa,2021-01-17,wayback,7.99,1
spicy tomato soup,Cup,Gott's Napa,2011-03-22,wayback,3.49,2
spicy tomato soup,Cup,Gott's Napa,2012-05-15,wayback,3.49,2
spicy tomato soup,Cup,Gott's Napa,2012-06-17,wayback,3.49,2
spicy tomato soup,Cup,Gott's Napa,2014-08-11,wayback,3.99,2
spicy tomato soup,Cup,Gott's Napa,2014-10-29,wayback,3.49,1
spicy tomato soup,Cup,Gott's Napa,2014-12-22,wayback,3.99,2
spicy tomato soup,Cup,Gott's Napa,2015-02-06,wayback,3.99,2
spicy tomato soup,Cup,Gott's Napa,2015-05-13,wayback,3.99,2
spicy tomato soup,Cup,Gott's Napa,2015-11-23,wayback,3.99,1
spicy tomato soup,Cup,Gott's Napa,2017-07-22,wayback,4.99,1
spicy tomato soup,Cup,Gott's Napa,2021-01-17,wayback,4.99,1
spottswoode,,Bistro Don Giovanni,2020-09-21,wayback,76.0,1
spring sparkling water,,Gott's Napa,2013-02-28,wayback,3.0,2
spring sparkling water,,Gott's Napa,2021-01-17,wayback,3.29,1
spring water,,Gott's Napa,2011-03-22,wayback,2.49,2
spring water,,Gott's Napa,2012-05-15,wayback,2.49,2
spring water,,Gott's Napa,2012-06-17,wayback,2.69,2
spring water,,Gott's Napa,2014-08-11,wayback,2.69,2
spring water,,Gott's Napa,2014-10-29,wayback,2.69,1
spring water,,Gott's Napa,2014-12-22,wayback,2.69,2
spring water,,Gott's Napa,2015-02-06,wayback,2.69,2
spring water,,Gott's Napa,2015-02-13,wayback,2.69,1
springbank 10 yr,,Angele Restaurant & Bar,2014-09-20,wayback,13.0,1
sriracha chicken,,Genova Delicatessen,2026-08-05,fallback,12.95,1
st germaine,,Bistro Don Giovanni,2017-01-10,wayback,9.0,1
st germaine,,Bistro Don Giovanni,2019-09-19,wayback,9.0,1
st germaine,,Bistro Don Giovanni,2020-03-27,wayback,9.0,1
st germaine,,Bistro Don Giovanni,2020-09-21,wayback,10.0,2
st germaine,,Bistro Don Giovanni,2021-01-27,wayback,10.0,1
st pauli non alcoholic germany,,Angele Restaurant & Bar,2015-03-05,wayback,5.0,1
st sup ry rutherford estate vineyards,,Bistro Don Giovanni,2020-09-21,wayback,84.0,1
st supery 13 sauvignon blanc,,Gott's Napa,2015-02-06,wayback,8.0,1
st supery 13 sauvignon blanc,,Gott's Napa,2015-02-13,wayback,14.0,2
st supery 13 sauvignon blanc,,Gott's Napa,2015-05-13,wayback,8.0,1
st supery 13 sauvignon blanc,,Gott's Napa,2015-07-24,wayback,8.0,1
st supery 13 sauvignon blanc,Bottle,Gott's Napa,2014-08-11,wayback,24.0,2
st supery 13 sauvignon blanc,Bottle,Gott's Napa,2014-10-29,wayback,24.0,1
st supery 13 sauvignon blanc,Bottle,Gott's Napa,2014-12-22,wayback,24.0,2
st supery 13 sauvignon blanc,Bottle,Gott's Napa,2015-02-06,wayback,24.0,2
st supery 13 sauvignon blanc,Bottle,Gott's Napa,2015-05-13,wayback,24.0,2
st supery 13 sauvignon blanc,Glass,Gott's Napa,2014-08-11,wayback,8.0,2
st supery 13 sauvignon blanc,Glass,Gott's Napa,2014-10-29,wayback,8.0,1
st supery 13 sauvignon blanc,Glass,Gott's Napa,2014-12-22,wayback,8.0,2
st supery 13 sauvignon blanc,Glass,Gott's Napa,2015-02-06,wayback,8.0,1
st supery 13 sauvignon blanc,Glass,Gott's Napa,2015-05-13,wayback,8.0,1
standard,,Farmstead at Long Meadow Ranch,2021-05-11,wayback,45.0,1
standard,,Farmstead at Long Meadow Ranch,2021-08-02,wayback,45.0,1
standard,,Farmstead at Long Meadow Ranch,2024-06-09,wayback,45.0,1
steak,,Code 4 Taphouse,2025-11-15,exif,19.95,3
steak,,Taqueria El Charro Viejo,2022-12-07,exif,8.95,1
steak and frites,,Perez Kitchen & Bar,2026-08-05,pdf,28.0,1
steak frites,,Angele Restaurant & Bar,2015-02-21,wayback,27.0,1
steak frites,,Angele Restaurant & Bar,2017-08-29,wayback,38.0,1
steak frites,,Bistro Don Giovanni,2017-01-10,wayback,45.0,1
steak frites,,Bistro Don Giovanni,2019-09-19,wayback,45.0,1
steak frites,,Bistro Don Giovanni,2020-03-27,wayback,45.0,1
steak frites,,Bistro Don Giovanni,2020-09-21,wayback,47.0,2
steak frites,,Bistro Don Giovanni,2021-01-27,wayback,47.0,1
steak frites,,Bistro Don Giovanni,2022-01-20,wayback,49.0,1
steak frites,,Bistro Don Giovanni,2022-05-27,wayback,49.0,1
steak tartare dijon mustard farm egg yolk fris e and arugula salad,,Angele Restaurant & Bar,2015-02-25,wayback,21.0,2
steak tartare dijon mustard farm egg yolk fris e and arugula salad,,Angele Restaurant & Bar,2015-03-05,wayback,16.0,1
steak tartare dijon mustard farm egg yolk fris e and arugula salad,,Angele Restaurant & Bar,2015-11-06,wayback,18.0,1
steak tartare dijon mustard farm egg yolk fris e and arugula salad,,Angele Restaurant & Bar,2016-04-12,wayback,18.0,1
steak tartare dijon mustard farm egg yolk fris e and arugula salad,,Angele Restaurant & Bar,2016-05-08,wayback,18.0,1
steak with egg and cheese,,Code 4 Taphouse,2025-11-15,exif,14.75,1
steak with poached eggs,,Code 4 Taphouse,2025-11-15,exif,15.95,1
stella artois,,Bistro Don Giovanni,2017-01-10,wayback,5.0,1
stella artois,,Bistro Don Giovanni,2019-09-19,wayback,6.0,1
stella artois,,Bistro Don Giovanni,2020-03-27,wayback,6.0,1
stella artois,,Bistro Don Giovanni,2020-09-21,wayback,7.0,2
stella artois,,Bistro Don Giovanni,2021-01-27,wayback,7.0,1
stella artois,,Bistro Don Giovanni,2022-01-20,wayback,7.0,1
stella artois,,Bistro Don Giovanni,2022-05-27,wayback,7.0,1
stella artois,,Bistro Don Giovanni,2023-04-01,wayback,7.0,1
stella artois,,Bistro Don Giovanni,2023-12-05,wayback,7.0,1
stella artois,,Gott's Napa,2015-05-13,wayback,6.5,2
stella artois,,Gott's Napa,2015-07-24,wayback,6.5,1
stella artois,,Gott's Napa,2017-07-22,wayback,7.0,1
stella artois,12oz,Gott's Napa,2014-08-11,wayback,4.5,2
stella artois,16oz,Gott's Napa,2014-12-22,wayback,6.0,1
stella artois,16oz,Gott's Napa,2015-11-23,wayback,6.5,1
stella artois,Draft,Gott's Napa,2015-02-06,wayback,6.0,1
stella artois,Draft (16oz),Gott's Napa,2014-12-22,wayback,6.0,1
stella artois lager belgium,,Angele Restaurant & Bar,2015-03-05,wayback,5.0,1
stone delicious gluten reduced ipa,,Gott's Napa,2017-07-22,wayback,5.5,1
stone delicious gluten reduced ipa,,Gott's Napa,2021-01-17,wayback,5.5,1
storybook 09 zinfandel napa valley,,Gott's Napa,2012-05-15,wayback,20.0,2
storybook 09 zinfandel napa valley,,Gott's Napa,2012-06-17,wayback,25.0,1
storybook 09 zinfandel napa valley,Half Bottle,Gott's Napa,2011-03-22,wayback,20.0,1
storybook mountain mayacamas range,,Bistro Don Giovanni,2020-09-21,wayback,76.0,1
storybook zinfandel,,Gott's Napa,2012-06-17,wayback,25.0,1
storybook zinfandel,Half Bottle,Gott's Napa,2014-10-29,wayback,25.0,1
storybook zinfandel,Half Bottle,Gott's Napa,2015-02-13,wayback,25.0,1
storzzapreti bolognese,,Bistro Don Giovanni,2023-04-01,wayback,30.0,1
strawberry,,Five Guys,2023-11-27,exif,0.2,1
strawberry acqua fresca,,Bistro Don Giovanni,2020-03-27,wayback,6.0,1
strawberry acqua fresca,,Bistro Don Giovanni,2020-09-21,wayback,6.0,2
strawberry acqua fresca,,Bistro Don Giovanni,2021-01-27,wayback,6.0,1
strawberry acqua fresca,,Bistro Don Giovanni,2022-01-20,wayback,6.0,1
strawberry acqua fresca,,Bistro Don Giovanni,2022-05-27,wayback,6.0,1
strawberry acqua fresca,,Bistro Don Giovanni,2023-04-01,wayback,6.0,1
strawberry acqua fresca,,Bistro Don Giovanni,2023-12-05,wayback,6.0,2
strawberry daiquiri,,Bistro Don Giovanni,2019-09-19,wayback,12.0,1
strawberry french toast,,Code 4 Taphouse,2025-11-15,exif,10.95,2
strawberry shake,12oz,Gott's Napa,2014-08-11,wayback,5.99,1
strawberry shake,16oz,Gott's Napa,2014-08-11,wayback,6.99,1
stuffed french toast,,Cartwright's Taprock Northwest Grill,2014-08-01,wayback,10.49,1
stuffed french toast,,The Depot Eatery,2026-08-05,web,18.0,1
stumptown coffee carrier,,Farmstead at Long Meadow Ranch,2021-05-11,wayback,30.0,1
stumptown coffee carrier,,Farmstead at Long Meadow Ranch,2021-08-02,wayback,30.0,1
stumptown coffee carrier,,Farmstead at Long Meadow Ranch,2024-06-19,wayback,30.0,1
substitute house infused spicy tequila,,Farmstead at Long Meadow Ranch,2026-06-15,pdf,22.0,1
sudwerk hefeweizen,Draft (16oz),Gott's Napa,2014-08-11,wayback,6.0,1
sudwerk hefeweizen draft,16oz,Gott's Napa,2014-08-11,wayback,6.0,1
summer vegetable ragu,,Bistro Don Giovanni,2019-09-19,wayback,8.0,1
summer vegetable ragu,,Bistro Don Giovanni,2020-09-21,wayback,8.0,2
sundae,,McDonald's,2022-04-16,exif,2.59,1
sunshine benedict,,Cartwright's Taprock Northwest Grill,2014-08-01,wayback,10.99,1
super veggie omlet,,The Depot Eatery,2026-08-05,web,18.0,1
swanson 09 merlot,,Gott's Napa,2014-12-22,wayback,20.0,1
swanson 09 merlot,Half Bottle,Gott's Napa,2014-08-11,wayback,20.0,1
swanson 09 merlot,Half bottle,Gott's Napa,2014-08-11,wayback,20.0,1
swanson 09 merlot napa valley,,Gott's Napa,2012-05-15,wayback,19.0,2
swanson 09 merlot napa valley,,Gott's Napa,2012-06-17,wayback,20.0,1
swanson 09 merlot napa valley,,Gott's Napa,2014-12-22,wayback,20.0,1
swanson 09 merlot napa valley,Half Bottle,Gott's Napa,2011-03-22,wayback,19.0,1
swanson merlot,,Gott's Napa,2012-06-17,wayback,20.0,1
swanson merlot,Half Bottle,Gott's Napa,2014-10-29,wayback,20.0,1
swanson merlot,Half Bottle,Gott's Napa,2015-02-13,wayback,20.0,1
swanson pinot grigio,,Bistro Don Giovanni,2020-09-21,wayback,45.0,1
sweet potato fries,,Barney's Burgers,2024-01-15,dom,5.99,1
sweet potato fries,,Barney's Burgers,2026-08-05,web,6.5,1
sweet potato fries,,Gott's Napa,2011-03-22,wayback,3.99,2
sweet potato fries,,Gott's Napa,2012-05-15,wayback,3.99,2
sweet potato fries,,Gott's Napa,2012-06-17,wayback,3.99,2
sweet potato fries,,Gott's Napa,2014-08-11,wayback,3.99,2
sweet potato fries,,Gott's Napa,2014-10-29,wayback,3.99,1
sweet potato fries,,Gott's Napa,2014-12-22,wayback,3.99,2
sweet potato fries,,Gott's Napa,2015-02-06,wayback,3.99,2
sweet potato fries,,Gott's Napa,2015-05-13,wayback,3.99,2
sweet potato fries,,Gott's Napa,2015-07-24,wayback,3.99,1
sweet potato fries,,Gott's Napa,2015-11-23,wayback,3.99,1
sweet potato fries,,Gott's Napa,2017-07-22,wayback,3.99,1
sweet potato fries,,Gott's Napa,2021-01-17,wayback,3.99,1
sweet potato spinach breakfast burrito,,Perez Kitchen & Bar,2026-08-05,pdf,16.0,1
sweet tea,,McDonald's,2022-04-16,exif,1.0,1
tagliatelle,,Bistro Don Giovanni,2023-04-01,wayback,32.0,1
tagliatelle bolognese,,Angele Restaurant & Bar,2012-04-09,wayback,22.0,1
taittinger brut la fran aise,Half Bottle,Bistro Don Giovanni,2020-09-21,wayback,58.0,1
tamal pork,,Taqueria El Charro Viejo,2022-12-07,exif,5.25,1
tannery hero juicy paul,,Gott's Napa,2026-05-25,exif,14.99,1
taprock s benedict,,Cartwright's Taprock Northwest Grill,2014-08-01,wayback,10.99,1
taprock s benedict,,Cartwright's Taprock Northwest Grill,2023-06-10,wayback,15.0,1
tartare de b uf,,Angele Restaurant & Bar,2015-02-21,wayback,21.0,2
tarte d automne quince tart tatin cr me fr iche,,Angele Restaurant & Bar,2014-09-20,wayback,10.0,1
tartine with parisian ham melted gruy re toasted levain becham l sauce,,Angele Restaurant & Bar,2015-02-25,wayback,15.5,2
tartine with parisian ham melted gruy re toasted levain becham l sauce,,Angele Restaurant & Bar,2015-03-05,wayback,15.5,2
tartine with parisian ham melted gruy re toasted levain becham l sauce,,Angele Restaurant & Bar,2016-05-08,wayback,18.0,1
tascante buonora etna bianco,,Bistro Don Giovanni,2022-05-27,wayback,16.0,1
tascante buonora etna bianco carricante sicilia italy,,Bistro Don Giovanni,2022-01-20,wayback,16.0,1
tascante buonora etna bianco carricante sicilia italy,,Bistro Don Giovanni,2023-04-01,wayback,17.0,1
tascante ghiaia nera etna rosso,,Bistro Don Giovanni,2023-12-05,wayback,17.0,2
tater tots,Large,Barney's Burgers,2024-01-15,dom,4.99,1
tater tots,Large,Barney's Burgers,2026-08-05,web,5.0,1
tater tots,Small,Barney's Burgers,2024-01-15,dom,3.99,1
tater tots,Small,Barney's Burgers,2026-08-05,web,4.0,1
tea,,Gott's Napa,2013-04-02,wayback,2.0,1
teaderman vineyards,,Bistro Don Giovanni,2020-09-21,wayback,42.0,1
teaderman vineyards cabernet sauvignon,Half Bottle,Bistro Don Giovanni,2020-09-21,wayback,82.0,1
teff cakes,,Perez Kitchen & Bar,2026-08-05,pdf,21.0,1
temescal poolside convo blonde ale,,Bistro Don Giovanni,2020-09-21,wayback,10.0,1
tenuta corte giacobbe soave,,Bistro Don Giovanni,2017-01-10,wayback,9.0,1
tenuta di arceno chianti classico,,Bistro Don Giovanni,2017-01-10,wayback,13.0,1
tenuta di arceno chianti classico,,Bistro Don Giovanni,2019-09-19,wayback,13.0,1
tenuta di arceno chianti classico,,Bistro Don Giovanni,2020-03-27,wayback,13.0,1
tenuta di arceno chianti classico,,Bistro Don Giovanni,2020-09-21,wayback,14.0,3
tenuta di arceno chianti classico,,Bistro Don Giovanni,2021-01-27,wayback,14.0,1
tenuta regaleali cavallo delle fate,,Bistro Don Giovanni,2022-05-27,wayback,15.0,1
teriyaki,,Barney's Burgers,2026-08-05,web,9.45,1
teriyaki chicken,,Barney's Burgers,2026-08-05,web,9.0,1
terre stregate svelato falanghina,,Bistro Don Giovanni,2020-03-27,wayback,13.0,1
terre stregate svelato falanghina,,Bistro Don Giovanni,2020-09-21,wayback,14.0,3
terre stregate svelato falanghina,,Bistro Don Giovanni,2021-01-27,wayback,14.0,1
terre stregate svelato falanghina,,Bistro Don Giovanni,2023-12-05,wayback,16.0,1
terre stregate svelato falanghina campania italy,,Bistro Don Giovanni,2019-09-19,wayback,13.0,1
terre stregate svelato falanghina campania italy,,Bistro Don Giovanni,2020-09-21,wayback,14.0,1
terrine de betteraves,,Angele Restaurant & Bar,2013-04-18,wayback,12.0,1
terrine de betteraves,,Angele Restaurant & Bar,2013-06-27,wayback,12.0,1
texas avocado burger,,Gott's Napa,2014-08-11,wayback,10.99,2
texas avocado burger,,Gott's Napa,2014-12-22,wayback,10.99,2
texas avocado burger,,Gott's Napa,2015-02-06,wayback,10.99,2
texas avocado burger,,Gott's Napa,2015-05-13,wayback,10.99,2
texas avocado burger,,Gott's Napa,2015-07-24,wayback,10.99,1
texas avocado burger,,Gott's Napa,2015-11-23,wayback,10.99,1
texas avocado burger,,Gott's Napa,2017-07-22,wayback,10.99,1
texas avocado burger,,Gott's Napa,2021-01-17,wayback,11.99,1
texas burger,,Gott's Napa,2011-03-22,wayback,9.99,2
texas burger,,Gott's Napa,2012-05-15,wayback,9.99,2
texas burger,,Gott's Napa,2012-06-17,wayback,9.99,2
texas burger,,Gott's Napa,2014-10-29,wayback,9.99,1
the blue,,The Depot Eatery,2026-08-05,web,17.0,1
the bradford,,Bistro Don Giovanni,2023-12-05,wayback,14.0,1
the bradford beefeater gin tonic lime,,Bistro Don Giovanni,2023-04-01,wayback,14.0,1
the brunch burger,,The Depot Eatery,2026-08-05,web,17.0,1
the chili,,The Depot Eatery,2026-08-05,web,17.0,1
the colossal burger,1/2 lb,Burgerville,2026-08-05,fallback,7.99,1
the don manhattan,,Bistro Don Giovanni,2017-01-10,wayback,13.0,1
the grand lodge,,Cartwright's Taprock Northwest Grill,2014-08-01,wayback,10.69,1
the last straw,,Angele Restaurant & Bar,2014-09-20,wayback,12.0,1
the lodge benedict,,Cartwright's Taprock Northwest Grill,2014-08-01,wayback,11.49,1
the oz,,Bistro Don Giovanni,2021-01-27,wayback,14.0,1
the prisoner cabernet zinfandel syrah napa valley,,Bistro Don Giovanni,2019-09-19,wayback,22.0,1
the reviver,,Bistro Don Giovanni,2023-12-05,wayback,16.0,1
the show 10 malbec mendoza argentina,Bottle,Gott's Napa,2011-03-22,wayback,18.0,1
the show 10 malbec mendoza argentina,Bottle,Gott's Napa,2012-05-15,wayback,18.0,2
the show 10 malbec mendoza argentina,Glass,Gott's Napa,2011-03-22,wayback,6.0,1
the show 10 malbec mendoza argentina,Glass,Gott's Napa,2012-05-15,wayback,6.0,2
the veggie,,Perez Kitchen & Bar,2026-08-05,pdf,17.0,1
the wise guy,,Bistro Don Giovanni,2023-12-05,wayback,17.0,1
til tip salad,,Barney's Burgers,2024-01-15,dom,10.99,1
til tip salad,,Barney's Burgers,2026-08-05,web,16.5,1
toasted baguette with gala apple and black currant jam,,Angele Restaurant & Bar,2016-05-08,wayback,8.0,1
today s soup,,Farmstead at Long Meadow Ranch,2026-06-15,pdf,14.0,1
tomatoes,,Five Guys,2023-11-27,exif,0.05,1
tony bourdain breakfast sandwich,,Perez Kitchen & Bar,2026-08-05,pdf,15.0,1
topaz sauvignon blanc semillon california,,Bistro Don Giovanni,2022-01-20,wayback,19.0,1
topaz sauvignon blanc semillon california,,Bistro Don Giovanni,2022-05-27,wayback,19.0,1
topaz sauvignon blanc semillon california,,Bistro Don Giovanni,2023-04-01,wayback,19.0,1
topaz sauvignon blanc semillon california,,Bistro Don Giovanni,2023-12-05,wayback,19.0,2
toppings,Large,Gott's Napa,2015-09-05,wayback,4.79,1
toppings,Small,Gott's Napa,2015-09-05,wayback,3.79,1
tormaresca rosato calafuria by antinori,,Bistro Don Giovanni,2020-09-21,wayback,36.0,1
toscano salami,,Genova Delicatessen,2026-08-05,fallback,14.95,1
tossed cobb salad,,Gott's Napa,2011-03-22,wayback,10.99,2
tossed cobb salad,,Gott's Napa,2012-05-15,wayback,11.99,2
tossed cobb salad,,Gott's Napa,2012-06-17,wayback,11.99,2
traditional,,The Depot Eatery,2026-08-05,web,17.0,1
trailblazer,,The Depot Eatery,2026-08-05,web,16.0,1
train wreck,,The Depot Eatery,2026-08-05,web,18.5,2
trefethen,,Bistro Don Giovanni,2020-09-21,wayback,68.0,1
tres agaves a ejo,,Angele Restaurant & Bar,2014-09-20,wayback,14.0,1
tri tip dip,,The Depot Eatery,2026-08-05,web,19.0,1
tricolore,,Bistro Don Giovanni,2017-01-10,wayback,12.0,1
tricolore,,Bistro Don Giovanni,2019-09-19,wayback,14.0,1
tricolore,,Bistro Don Giovanni,2020-03-27,wayback,14.0,1
tricolore,,Bistro Don Giovanni,2020-09-21,wayback,15.0,2
tricolore,,Bistro Don Giovanni,2021-01-27,wayback,16.0,1
tricolore,,Bistro Don Giovanni,2022-01-20,wayback,16.0,1
tricolore,,Bistro Don Giovanni,2022-05-27,wayback,16.0,1
tricolore,,Bistro Don Giovanni,2023-04-01,wayback,16.0,1
tricolore,,Bistro Don Giovanni,2023-12-05,wayback,16.0,1
triple,,Barney's Burgers,2024-01-15,dom,10.99,1
triple,,Barney's Burgers,2026-08-05,web,11.45,1
triple decker club,,The Depot Eatery,2026-08-05,web,18.0,1
triple ham havoc,,Perez Kitchen & Bar,2026-08-05,pdf,19.0,1
triple with cheese,,Barney's Burgers,2026-08-05,web,12.45,1
truffle cremini croquettes,,The Depot Eatery,2026-08-05,web,8.0,1
trumer pils,,Bistro Don Giovanni,2017-01-10,wayback,5.0,1
trumer pils,,Bistro Don Giovanni,2023-04-01,wayback,7.0,1
trumer pils,,Bistro Don Giovanni,2023-12-05,wayback,7.0,1
trumer pilsner,,Gott's Napa,2015-05-13,wayback,6.0,2
trumer pilsner,,Gott's Napa,2015-07-24,wayback,6.0,1
trumer pilsner,,Gott's Napa,2017-07-22,wayback,7.0,1
trumer pilsner,,Gott's Napa,2021-01-17,wayback,7.0,1
trumer pilsner,16oz,Gott's Napa,2014-12-22,wayback,6.0,1
trumer pilsner,16oz,Gott's Napa,2015-11-23,wayback,6.0,1
trumer pilsner,Draft,Gott's Napa,2015-02-06,wayback,6.0,1
trumer pilsner,Draft (16oz),Gott's Napa,2014-08-11,wayback,6.0,1
trumer pilsner,Draft (16oz),Gott's Napa,2014-12-22,wayback,6.0,1
trumer pilsner draft,16oz,Gott's Napa,2014-08-11,wayback,6.0,1
tuaca,,Angele Restaurant & Bar,2014-09-20,wayback,9.0,1
tuna albacore,,Genova Delicatessen,2026-08-05,fallback,12.95,1
tuna albacore w cheese,,Genova Delicatessen,2026-08-05,fallback,13.95,1
tuna melt,,The Depot Eatery,2026-08-05,web,17.0,1
turkey blt a sandwich,,The Depot Eatery,2026-08-05,web,18.0,1
turkey burger,,Gott's Napa,2011-03-22,wayback,9.99,2
turkey burger,,Gott's Napa,2012-05-15,wayback,9.99,2
turkey melt,,The Depot Eatery,2026-08-05,web,16.0,1
turkey pesto omlet,,The Depot Eatery,2026-08-05,web,18.0,1
turley juvenile 13 zinfandel california,,Gott's Napa,2015-11-23,wayback,12.0,1
turley juvenile 13 zinfandel california,Bottle,Gott's Napa,2015-11-23,wayback,36.0,1
turley juvenile zinfandel,,Gott's Napa,2015-07-24,wayback,12.0,1
turley juvenile zinfandel,Bottle,Gott's Napa,2014-10-29,wayback,33.0,1
turley juvenile zinfandel,Bottle,Gott's Napa,2017-07-22,wayback,36.0,1
turley juvenile zinfandel,Glass,Gott's Napa,2014-10-29,wayback,11.0,1
turley juvenile zinfandel,Glass,Gott's Napa,2017-07-22,wayback,12.0,1
turley turley estate,,Bistro Don Giovanni,2020-09-21,wayback,82.0,1
tuscan beans,,Bistro Don Giovanni,2017-01-10,wayback,7.0,1
tuscan beans,,Bistro Don Giovanni,2019-09-19,wayback,7.0,1
tuscan chick pea ragu,,Bistro Don Giovanni,2023-12-05,wayback,8.0,1
two french toast,,The Depot Eatery,2026-08-05,web,7.0,1
twomey by silver oak,,Bistro Don Giovanni,2020-09-21,wayback,71.0,2
ultimate cheeseburger meal,,Jack in the Box,2025-08-11,exif,10.99,5
umani ronchi terre di chieti pecorino,,Bistro Don Giovanni,2020-09-21,wayback,37.0,1
upgrade large drink,Large,Jack in the Box,2025-08-11,exif,0.99,1
upgrade sub curly fries,,Jack in the Box,2025-08-11,exif,0.89,1
vampire slayer burger,,Burgerville,2022-09-09,exif,7.99,1
vanilla flavor extra,,Gott's Napa,2012-05-15,wayback,0.99,1
veal parmigiana,,Bistro Don Giovanni,2022-01-20,wayback,43.0,1
veal parmigiana,,Bistro Don Giovanni,2022-05-27,wayback,43.0,1
veal parmigiana,,Bistro Don Giovanni,2023-04-01,wayback,45.0,1
veal parmigiana,,Bistro Don Giovanni,2023-12-05,wayback,45.0,2
vegetable sticks,,Gott's Napa,2012-05-15,wayback,2.69,2
vegetable sticks,,Gott's Napa,2012-06-17,wayback,2.89,2
vegetable sticks,,Gott's Napa,2014-08-11,wayback,2.99,2
vegetable sticks,,Gott's Napa,2014-10-29,wayback,2.89,1
vegetable sticks,,Gott's Napa,2014-12-22,wayback,2.99,2
vegetable sticks,,Gott's Napa,2015-02-06,wayback,2.99,2
vegetable sticks,,Gott's Napa,2015-05-13,wayback,2.99,2
vegetable sticks,,Gott's Napa,2015-07-24,wayback,2.99,1
vegetarian omelet,,Cartwright's Taprock Northwest Grill,2014-08-01,wayback,9.99,1
vegetarian panini,,Bistro Don Giovanni,2021-01-27,wayback,16.0,1
veggie,,Gott's Napa,2013-04-02,wayback,4.99,1
veggie burger,,Barney's Burgers,2024-01-15,dom,7.99,1
veggie burger,,Barney's Burgers,2026-08-05,web,8.65,1
veggie burger,,Gott's Napa,2011-03-22,wayback,7.99,2
veggie burger,,Gott's Napa,2012-05-15,wayback,7.99,2
veggie burger or turkey patty substitution,,Gott's Napa,2014-10-29,wayback,1.0,1
veggie melt,,The Depot Eatery,2026-08-05,web,17.0,1
veggie omelet gf veg,,Cartwright's Taprock Northwest Grill,2023-06-10,wayback,14.0,1
veggie sandwich,,Five Guys,2023-11-27,exif,5.1,1
vegi burger with cheese,,Barney's Burgers,2026-08-05,web,9.15,1
venica venica friuliano,,Bistro Don Giovanni,2020-09-21,wayback,52.0,1
ventr che de porc,,Angele Restaurant & Bar,2013-04-18,wayback,16.0,1
ventr che de porc,,Angele Restaurant & Bar,2013-06-27,wayback,16.0,1
veuve clicquot yellow label,,Bistro Don Giovanni,2020-09-21,wayback,130.0,1
veuve clicquot yellow label,Half Bottle,Bistro Don Giovanni,2020-09-21,wayback,68.0,1
vietnamese chicken,,Gott's Napa,2017-07-22,wayback,11.99,1
vietnamese chicken,,Gott's Napa,2021-01-17,wayback,13.99,1
vietnamese chicken salad,,Gott's Napa,2014-08-11,wayback,10.99,2
vietnamese chicken salad,,Gott's Napa,2014-12-22,wayback,10.99,2
vietnamese chicken salad,,Gott's Napa,2015-02-06,wayback,10.99,2
vietnamese chicken salad,,Gott's Napa,2015-05-13,wayback,10.99,2
vietnamese chicken salad,,Gott's Napa,2015-07-24,wayback,10.99,1
vietnamese chicken salad,,Gott's Napa,2015-11-23,wayback,10.99,1
villa di corlo lambrusco,,Bistro Don Giovanni,2017-01-10,wayback,10.0,1
villa di corlo lambrusco,,Bistro Don Giovanni,2020-09-21,wayback,38.0,1
villa matilda falanghina,,Bistro Don Giovanni,2017-01-10,wayback,11.0,1
vincent christopher pinot noir walala vineyard,,Bistro Don Giovanni,2023-12-05,wayback,22.0,1
vine cliff,,Bistro Don Giovanni,2020-09-21,wayback,90.0,1
waffles,Plain,Code 4 Taphouse,2025-11-15,exif,10.95,2
wake up call,,Angele Restaurant & Bar,2015-02-25,wayback,12.0,1
wake up call amaretto scotch with hot co ee and topped with fresh whipped cream,,Angele Restaurant & Bar,2015-03-05,wayback,12.0,1
warm cinnamon roll,,Farmstead at Long Meadow Ranch,2026-06-15,pdf,8.0,1
well breakfast,,Cartwright's Taprock Northwest Grill,2014-08-01,wayback,5.99,1
west coast crab roll,,Farmstead at Long Meadow Ranch,2026-06-15,pdf,42.0,1
western bacon blue ring,,Gott's Napa,2011-03-22,wayback,9.99,2
western bacon blue ring,,Gott's Napa,2012-05-15,wayback,10.99,2
western bacon blue ring,,Gott's Napa,2012-06-17,wayback,10.99,2
western bacon blue ring,,Gott's Napa,2014-08-11,wayback,11.99,2
western bacon blue ring,,Gott's Napa,2014-10-29,wayback,10.99,1
western bacon blue ring,,Gott's Napa,2014-12-22,wayback,11.99,2
western bacon blue ring,,Gott's Napa,2015-02-06,wayback,11.99,2
western bacon blue ring,,Gott's Napa,2015-05-13,wayback,11.99,2
western bacon blue ring,,Gott's Napa,2015-07-24,wayback,11.99,1
western bacon blue ring,,Gott's Napa,2015-11-23,wayback,11.99,1
western bacon blue ring,,Gott's Napa,2017-07-22,wayback,11.99,1
western bacon blue ring,,Gott's Napa,2021-01-17,wayback,12.99,1
white beans,,Bistro Don Giovanni,2020-03-27,wayback,7.0,1
white beans,,Bistro Don Giovanni,2020-09-21,wayback,7.0,2
white beans,,Bistro Don Giovanni,2021-01-27,wayback,7.0,1
white beans,,Bistro Don Giovanni,2022-01-20,wayback,7.0,1
white beans,,Bistro Don Giovanni,2022-05-27,wayback,7.0,1
white beans,,Bistro Don Giovanni,2023-04-01,wayback,7.0,1
white beans,,Bistro Don Giovanni,2023-12-05,wayback,8.0,2
white claw hard seltzer,,Gott's Napa,2021-01-17,wayback,6.0,1
whitehall lane,,Bistro Don Giovanni,2020-09-21,wayback,56.0,1
whitehall lane merlot,,Bistro Don Giovanni,2017-01-10,wayback,13.0,1
whitehall lane merlot,,Bistro Don Giovanni,2020-03-27,wayback,14.0,1
whitehall lane merlot,,Bistro Don Giovanni,2020-09-21,wayback,14.0,2
whitehall lane merlot,,Bistro Don Giovanni,2021-01-27,wayback,14.0,1
whitehall lane merlot,,Bistro Don Giovanni,2022-05-27,wayback,14.0,1
whitehall lane merlot,,Bistro Don Giovanni,2023-12-05,wayback,14.0,2
whitehall lane merlot napa valley,,Bistro Don Giovanni,2019-09-19,wayback,14.0,1
whitehall lane merlot napa valley,,Bistro Don Giovanni,2020-09-21,wayback,14.0,1
whitehall lane merlot napa valley,,Bistro Don Giovanni,2022-01-20,wayback,14.0,1
whitehall lane merlot napa valley,,Bistro Don Giovanni,2023-04-01,wayback,14.0,1
whitehall lane sauvignon blanc,,Bistro Don Giovanni,2017-01-10,wayback,10.0,1
whitehall lane sauvignon blanc,,Bistro Don Giovanni,2020-03-27,wayback,11.0,1
whitehall lane sauvignon blanc,,Bistro Don Giovanni,2020-09-21,wayback,12.0,2
whitehall lane sauvignon blanc,,Bistro Don Giovanni,2021-01-27,wayback,12.0,1
whitehall lane sauvignon blanc,,Bistro Don Giovanni,2022-05-27,wayback,13.0,1
whitehall lane sauvignon blanc,,Bistro Don Giovanni,2023-12-05,wayback,14.0,2
wild mushroom omelette gruy re cheese little gem salad,,Angele Restaurant & Bar,2016-05-08,wayback,22.0,1
wisconsin burger,,Gott's Napa,2021-01-17,wayback,11.99,1
wisconsin sourdough,,Gott's Napa,2011-03-22,wayback,9.99,2
wisconsin sourdough,,Gott's Napa,2012-05-15,wayback,9.99,2
wisconsin sourdough,,Gott's Napa,2012-06-17,wayback,10.99,2
wisconsin sourdough,,Gott's Napa,2014-08-11,wayback,10.99,2
wisconsin sourdough,,Gott's Napa,2014-10-29,wayback,10.99,1
wisconsin sourdough,,Gott's Napa,2014-12-22,wayback,10.99,2
wisconsin sourdough,,Gott's Napa,2015-02-06,wayback,10.99,2
wisconsin sourdough,,Gott's Napa,2015-05-13,wayback,10.99,2
wisconsin sourdough,,Gott's Napa,2015-07-24,wayback,10.99,1
wisconsin sourdough,,Gott's Napa,2015-11-23,wayback,10.99,1
wisconsin sourdough,,Gott's Napa,2017-07-22,wayback,10.99,1
with cheese,,Five Guys,2023-11-27,exif,5.99,1
with glass of milk,,Farmstead at Long Meadow Ranch,2025-10-15,pdf,4.0,1
wood roasted broccolini,,Farmstead at Long Meadow Ranch,2026-06-15,pdf,14.0,1
works dog,,Gott's Napa,2021-01-17,wayback,8.99,1
yard of flannel,,Angele Restaurant & Bar,2015-03-05,wayback,12.0,1
zaya 12 yr,,Angele Restaurant & Bar,2014-09-20,wayback,13.0,1
zd,,Bistro Don Giovanni,2020-09-21,wayback,84.0,1
zenner s country pork sausage,,Cartwright's Taprock Northwest Grill,2014-08-01,wayback,6.64,2
zesty farmstand skillet,,Cartwright's Taprock Northwest Grill,2014-08-01,wayback,10.99,1
ziat by karen cakebread,,Bistro Don Giovanni,2020-09-21,wayback,54.0,1
zinfandel storybook vineyards,Half Bottle,Gott's Napa,2017-07-22,wayback,21.0,1
zinfandel turley,Bottle,Gott's Napa,2021-01-17,wayback,52.0,1
zinfandel turley,Glass,Gott's Napa,2021-01-17,wayback,13.0,1
zucchini fritti,,Bistro Don Giovanni,2019-09-19,wayback,14.0,1
zuppa salmon bacon chowder,,Bistro Don Giovanni,2023-12-05,wayback,16.0,1
